/*
SQLyog Ultimate v8.71 
MySQL - 5.7.9 : Database - crm_app_2
*********************************************************************
*/

/*!40101 SET NAMES utf8 */;

/*!40101 SET SQL_MODE=''*/;

/*!40014 SET @OLD_UNIQUE_CHECKS=@@UNIQUE_CHECKS, UNIQUE_CHECKS=0 */;
/*!40101 SET @OLD_SQL_MODE=@@SQL_MODE, SQL_MODE='NO_AUTO_VALUE_ON_ZERO' */;
/*!40111 SET @OLD_SQL_NOTES=@@SQL_NOTES, SQL_NOTES=0 */;
/*Table structure for table `contact_raisons` */

CREATE TABLE `contact_raisons` (
  `id` int(11) NOT NULL AUTO_INCREMENT,
  `nom` varchar(250) DEFAULT NULL,
  PRIMARY KEY (`id`)
) ENGINE=InnoDB AUTO_INCREMENT=7 DEFAULT CHARSET=utf8;

/*Data for the table `contact_raisons` */

insert  into `contact_raisons`(`id`,`nom`) values (1,'Une animation');
insert  into `contact_raisons`(`id`,`nom`) values (2,'Une location longue durée');
insert  into `contact_raisons`(`id`,`nom`) values (3,'Acheter une borne');
insert  into `contact_raisons`(`id`,`nom`) values (4,'Travailler avec vous');
insert  into `contact_raisons`(`id`,`nom`) values (5,'Discuter');
insert  into `contact_raisons`(`id`,`nom`) values (6,'C\'est maman rappelle-moi');

/*Table structure for table `linked_docs` */

CREATE TABLE `linked_docs` (
  `id` int(11) NOT NULL AUTO_INCREMENT,
  `context` varchar(250) DEFAULT NULL,
  `doc_doctype` varchar(250) DEFAULT NULL,
  `doc_docid_in_sellsy` int(11) DEFAULT NULL,
  `doc_label` varchar(250) DEFAULT NULL,
  `step_label` varchar(250) DEFAULT NULL,
  `opportunite_id` int(11) NOT NULL,
  `devis_id` int(11) DEFAULT NULL,
  `facture_id` int(11) DEFAULT NULL,
  PRIMARY KEY (`id`),
  KEY `FK_linked_docs` (`opportunite_id`),
  CONSTRAINT `FK_linked_docs` FOREIGN KEY (`opportunite_id`) REFERENCES `opportunites` (`id`)
) ENGINE=InnoDB AUTO_INCREMENT=10 DEFAULT CHARSET=utf8;

/*Data for the table `linked_docs` */

insert  into `linked_docs`(`id`,`context`,`doc_doctype`,`doc_docid_in_sellsy`,`doc_label`,`step_label`,`opportunite_id`,`devis_id`,`facture_id`) values (9,'prospection','estimate',19080085,'Devis','Envoyé',1,NULL,NULL);

/*Table structure for table `opportunite_clients` */

CREATE TABLE `opportunite_clients` (
  `id` int(11) NOT NULL AUTO_INCREMENT,
  `opportunite_id` int(11) NOT NULL,
  `client_id` int(11) NOT NULL,
  PRIMARY KEY (`id`),
  KEY `FK_opportunite_clients` (`opportunite_id`),
  KEY `FK_opportunite_clients_` (`client_id`),
  CONSTRAINT `FK_opportunite_clients` FOREIGN KEY (`opportunite_id`) REFERENCES `opportunites` (`id`),
  CONSTRAINT `FK_opportunite_clients_` FOREIGN KEY (`client_id`) REFERENCES `clients` (`id`)
) ENGINE=InnoDB DEFAULT CHARSET=utf8;

/*Data for the table `opportunite_clients` */

/*Table structure for table `opportunite_statuts` */

CREATE TABLE `opportunite_statuts` (
  `id` int(11) NOT NULL AUTO_INCREMENT,
  `nom` varchar(250) NOT NULL,
  `created` datetime DEFAULT NULL,
  `modified` datetime DEFAULT NULL,
  PRIMARY KEY (`id`)
) ENGINE=InnoDB AUTO_INCREMENT=7 DEFAULT CHARSET=utf8;

/*Data for the table `opportunite_statuts` */

insert  into `opportunite_statuts`(`id`,`nom`,`created`,`modified`) values (1,'Ouverte',NULL,NULL);
insert  into `opportunite_statuts`(`id`,`nom`,`created`,`modified`) values (2,'Gagnée',NULL,NULL);
insert  into `opportunite_statuts`(`id`,`nom`,`created`,`modified`) values (3,'Perdue',NULL,NULL);
insert  into `opportunite_statuts`(`id`,`nom`,`created`,`modified`) values (4,'En retard',NULL,NULL);
insert  into `opportunite_statuts`(`id`,`nom`,`created`,`modified`) values (5,'Annulée',NULL,NULL);
insert  into `opportunite_statuts`(`id`,`nom`,`created`,`modified`) values (6,'Fermée',NULL,NULL);

/*Table structure for table `opportunites` */

CREATE TABLE `opportunites` (
  `id` int(11) NOT NULL AUTO_INCREMENT,
  `id_in_sellsy` int(11) DEFAULT NULL,
  `numero` varchar(250) NOT NULL,
  `nom` varchar(500) NOT NULL,
  `opportunite_statut_id` int(11) DEFAULT NULL,
  `montant_potentiel` decimal(10,2) DEFAULT NULL,
  `date_echeance` date DEFAULT NULL,
  `pipeline_id` int(11) DEFAULT NULL,
  `pipeline_etape_id` int(11) DEFAULT NULL,
  `probabilite` decimal(10,2) DEFAULT NULL,
  `brief` text,
  `type_client_id` int(11) DEFAULT NULL,
  `source_lead_id` int(11) DEFAULT NULL,
  `contact_raison_id` int(11) DEFAULT NULL,
  `type_evenement_id` int(11) DEFAULT NULL,
  `type_demande` enum('contact','devis') DEFAULT NULL,
  `antenne_retrait` varchar(500) DEFAULT NULL,
  `antenne_retrait_secondaire` varchar(500) DEFAULT NULL,
  `created` datetime DEFAULT NULL,
  `modified` datetime DEFAULT NULL,
  PRIMARY KEY (`id`),
  KEY `FK_opportunites` (`pipeline_id`),
  KEY `FK_opportunites_status` (`opportunite_statut_id`),
  KEY `FK_opportunites_etape` (`pipeline_etape_id`),
  KEY `FK_opportunites_type_client` (`type_client_id`),
  KEY `FK_opportunites_source_lead` (`source_lead_id`),
  KEY `FK_opportunites_raison` (`contact_raison_id`),
  KEY `FK_opportunites_type_evenement` (`type_evenement_id`),
  CONSTRAINT `FK_opportunites` FOREIGN KEY (`pipeline_id`) REFERENCES `pipelines` (`id`),
  CONSTRAINT `FK_opportunites_etape` FOREIGN KEY (`pipeline_etape_id`) REFERENCES `pipeline_etapes` (`id`),
  CONSTRAINT `FK_opportunites_raison` FOREIGN KEY (`contact_raison_id`) REFERENCES `contact_raisons` (`id`),
  CONSTRAINT `FK_opportunites_source_lead` FOREIGN KEY (`source_lead_id`) REFERENCES `source_leads` (`id`),
  CONSTRAINT `FK_opportunites_status` FOREIGN KEY (`opportunite_statut_id`) REFERENCES `opportunite_statuts` (`id`),
  CONSTRAINT `FK_opportunites_type_client` FOREIGN KEY (`type_client_id`) REFERENCES `type_clients` (`id`),
  CONSTRAINT `FK_opportunites_type_evenement` FOREIGN KEY (`type_evenement_id`) REFERENCES `type_evenements` (`id`)
) ENGINE=InnoDB AUTO_INCREMENT=231 DEFAULT CHARSET=utf8;

/*Data for the table `opportunites` */

insert  into `opportunites`(`id`,`id_in_sellsy`,`numero`,`nom`,`opportunite_statut_id`,`montant_potentiel`,`date_echeance`,`pipeline_id`,`pipeline_etape_id`,`probabilite`,`brief`,`type_client_id`,`source_lead_id`,`contact_raison_id`,`type_evenement_id`,`type_demande`,`antenne_retrait`,`antenne_retrait_secondaire`,`created`,`modified`) values (1,3250739,'OPP-28390','Devis - Particulier - Anniversaire - Saint-Lô/Saint-Lô - 19/09/2020',1,'375.00',NULL,37022,323556,'0.00','<h1><strong>Demande de devis Selfizee Particulier</strong></h1> \n			<p><i>Envoyée le 1 juillet 2020 </i> </p>\n			<h2>Contact</h2>\n			<p><strong>Type : </strong>Particulier</p>\n			<p><strong>Prénom, nom : </strong>Da Costa anais</p>\n			<p><strong>E-mail :</strong> anaisdacostat@outlook.fr</p>\n			<p><strong>Téléphone :</strong> 0695097677</p>\n			<p><strong>Comment nous avez-vous connu : </strong>Site internet</p>\n			<h2>Evenement</h2>    \n			<p><strong>Nom de l\'événement : </strong>25 ans </p>\n			<p><strong>Type d\'événement :</strong>Anniversaire</p>\n			<p><strong>Date de l\'événement :</strong>19/09/2020</p> à 20/09/2020<p><strong> Antenne de retrait de la borne  :</strong>Saint-Lô/Saint-Lô</p><p><strong>  En cas d\'indisponibilité de la borne dans l\'antenne principale, avez-vous une ou plusieurs villes dans laquelle vous pouvez venir chercher le matériel (ou par l\'intermédiaire de vos amis, famille...) :</strong>Caen</p><p><strong>Nombre de participants : </strong> 30 </p>\n			<p><strong>Commentaire :</strong></p>\n			<h2>Besoin</h2>\n			<p><strong>Votre besoin :</strong> </p>\n			<p><strong>Nombre de borne(s) :</strong></p>\n			<p><strong>Option fond vert :</strong></p>',3,1,NULL,2,'devis','Saint-Lô/Saint-Lô','Caen','2020-07-01 13:15:02','2020-07-02 07:13:59');
insert  into `opportunites`(`id`,`id_in_sellsy`,`numero`,`nom`,`opportunite_statut_id`,`montant_potentiel`,`date_echeance`,`pipeline_id`,`pipeline_etape_id`,`probabilite`,`brief`,`type_client_id`,`source_lead_id`,`contact_raison_id`,`type_evenement_id`,`type_demande`,`antenne_retrait`,`antenne_retrait_secondaire`,`created`,`modified`) values (3,1944398,'OPP-07676','Prospection - sortie Q3 - 31 janvier',4,'710.00',NULL,36489,336154,'0.00','Suite contact de Bertrand avec concession audi, envoi d\'offre aux concessions proches des antennes dispo:<br />·Honore Quimper<br /><a href=\"mailto:contact@honore.fr%0D\">contact@honore.fr</a><br />  02 30 25 22 08<br /><br />  ·Exclusive Automobiles Vannes<br /><a href=\"mailto:contact@morbihan-auto.com%0D\">contact@morbihan-auto.com</a><br />  02 97 40 89 89<br /><br />  ·Audi Rennes Olympe<br /><a href=\"mailto:contact@audi-rennes.fr\">contact@audi-rennes.fr</a> <br /><a href=\"https://www.google.com/search?q=Audi+Rennes+Olympe&oq=Audi+Rennes+Olympe&aqs=chrome..69i57j0l4.551j0j4&sourceid=chrome&ie=UTF-8\">02 99 32 91 91</a><br /><br />  ·Jean Rouyer Automobiles Trignac<br /><a href=\"mailto:contact@jeanrouyerautomobiles.fr\">contact@jeanrouyerautomobiles.fr</a> <br /><a href=\"https://www.google.com/search?ei=L-M8XLjVOdGclwSh6oKIBw&q=Jean+Rouyer+Automobiles+Trignac&oq=Jean+Rouyer+Automobiles+Trignac&gs_l=psy-ab.3..0i7i30l2j0i8i30.19059.19059..19988...0.0..0.61.61.1......0....1..gws-wiz.Bj3LWyb2O-A\">02 40 22 30 30</a><br /><br />  ·Central Auto Saint-Fons<br /><a href=\"mailto:marketing@centralautos.fr\">marketing@centralautos.fr</a> <br /><a href=\"https://www.google.com/search?ei=tOM8XLSXI4n8kwXVh4GwCw&q=Central%20Auto%20Saint-Fons&oq=Central+Auto+Saint-Fons&gs_l=psy-ab.3..0i30.3213.3213..3483...0.0..0.100.100.0j1......0....1..gws-wiz.......0i71.OF9vhacujy8&npsic=0&rflfq=1&rlha=0&rllag=45715417,4849564,131&tbm=lcl&rldimm=18208999227226618672&ved=2ahUKEwjOsqDOge7fAhXGDewKHT_fAocQvS4wAHoECAUQIg&rldoc=1&tbs=lrf:!2m1!1e2!2m1!1e3!3sIAE,lf:1,lf_ui:10\">04 72 78 88 00</a><br /><br />  ·Bymycar Bourgoin Jallieu<br /><strong>Sébastien MAUCHE</strong><br /><a href=\"mailto:contact@bymycar.fr\">contact@bymycar.fr</a> <br /><a href=\"https://www.google.com/search?ei=MOQ8XK7cNqbjsAe2m4t4&q=audi+Bymycar+Bourgoin+Jallieu&oq=audi+Bymycar+Bourgoin+Jallieu&gs_l=psy-ab.3..0.6295.7241..8114...0.0..0.116.526.0j5......0....1..gws-wiz.......0i71j0i7i30j0i13j0i13i30.xXRT5KV71U8\">04 82 29 14 87</a><br /><br />  ·Avenir Automobiles Angers<br /><a href=\"mailto:info@avenirautomobiles.fr\">info@avenirautomobiles.fr</a> <br /><a href=\"https://www.google.com/search?ei=iuQ8XIq6Lo3psAfku4PACA&q=Avenir+Automobiles+Angers&oq=Avenir+Automobiles+Angers&gs_l=psy-ab.3.0.0j0i8i30.1628.1628..1853...0.0..0.99.99.1......0....1..gws-wiz.......0i71.ngX5blXWoX8\">02 41 74 12 12</a><br /><br />  ·Audi DBF Montpellier<br /><a href=\"mailto:accueil.audi-montpellier@dbf-autos.fr\">accueil.audi-montpellier@dbf-autos.fr</a> <br /><a href=\"https://www.google.com/search?q=%E2%80%A2+Audi+DBF+Montpellier&oq=%E2%80%A2+Audi+DBF+Montpellier&aqs=chrome..69i57j0l5.177j0j4&sourceid=chrome&ie=UTF-8\">04 67 07 83 93</a><br /><br />  ·Audera Audi Caen<br /><a href=\"mailto:contact@audera.fr\">contact@audera.fr</a> <br /><a href=\"https://www.google.com/search?q=%E2%80%A2+Audera+Audi+Caen&oq=%E2%80%A2+Audera+Audi+Caen&aqs=chrome..69i57j0l2.826j0j4&sourceid=chrome&ie=UTF-8\">02 31 35 66 66</a><br /><br />  ·Audi Mougins<br /><a href=\"mailto:contact-web@cariviera.com\">contact-web@cariviera.com</a> <br /><a href=\"https://www.google.com/search?q=%E2%80%A2+Audi+Mougins&oq=%E2%80%A2+Audi+Mougins&aqs=chrome..69i57.214j0j4&sourceid=chrome&ie=UTF-8\">04 92 92 99 07</a><br /><br />  ·DBF Mérignac<br /><a href=\"mailto:contact@dbf-autos.fr\">contact@dbf-autos.fr</a> <br /><a href=\"https://www.google.com/search?q=%E2%80%A2+DBF+M%C3%A9rignac&oq=%E2%80%A2+DBF+M%C3%A9rignac&aqs=chrome..69i57.193j0j4&sourceid=chrome&ie=UTF-8\">05 56 02 71 71</a><br /><br />  ·Sterling Automobiles Toulouse<br /><a href=\"mailto:contact@auditoulouse.fr\">contact@auditoulouse.fr</a> <br /><a href=\"https://www.google.com/search?q=%E2%80%A2+Sterling+Automobiles+Toulouse&oq=%E2%80%A2+Sterling+Automobiles+Toulouse&aqs=chrome..69i57j0l2.739j0j4&sourceid=chrome&ie=UTF-8\">05 62 24 04 24</a><br /><br />  ·Audi Obernai<br /><a href=\"mailto:info@geauto.fr\">info@geauto.fr</a> <br /><a href=\"https://www.google.com/search?q=Audi+Obernai&oq=Audi+Obernai&aqs=chrome..69i57.195j0j4&sourceid=chrome&ie=UTF-8\">03 88 49 30 05</a><br /><br />  ·Lecluse Automobiles Le Mans<br /><a href=\"mailto:contact.audilemans@lecluseautomobiles.fr\">contact.audilemans@lecluseautomobiles.fr</a> <br /><a href=\"https://www.google.com/search?q=Lecluse+Automobiles+Le+Mans&oq=Lecluse+Automobiles+Le+Mans&aqs=chrome..69i57.263j0j4&sourceid=chrome&ie=UTF-8\">02 43 78 50 50</a><br /><br />  ·Auto Expo Audi Lens<br /><a href=\"mailto:contact@audi-avion.fr\">contact@audi-avion.fr</a> <br /><a href=\"https://www.google.com/search?q=Auto+Expo+Audi+Lens&oq=Auto+Expo+Audi+Lens&aqs=chrome..69i57.231j0j4&sourceid=chrome&ie=UTF-8\">03 21 18 11 11</a><br />  ·Audi Autosud Bernabeu Aubagne<br /><a href=\"mailto:contact@autosudbernabeu.com\">contact@autosudbernabeu.com</a> <br /><a href=\"https://www.google.com/search?q=Audi%20Autosud%20Bernabeu%20Aubagne&oq=Audi+Autosud+Bernabeu+Aubagne&aqs=chrome..69i57j0l2.236j0j4&sourceid=chrome&ie=UTF-8&npsic=0&rflfq=1&rlha=0&rllag=43291434,5594674,21&tbm=lcl&rldimm=10297873200868864480&lqi=Ch1BdWRpIEF1dG9zdWQgQmVybmFiZXUgQXViYWduZSIDiAEBWhcKFWF1ZGkgYXV0b3N1ZCBiZXJuYWJldQ&ved=2ahUKEwj3qf2Rqu_fAhUH3RoKHUhWBTwQvS4wAHoECAAQFw&rldoc=1&tbs=lrf:!2m1!1e3!3sIAE,lf:1,lf_ui:4\">04 42 70 90 28</a><br /><br />  ·Océan Automobile Nantes<br /><a href=\"mailto:contact@audi-nantes.fr\">contact@audi-nantes.fr</a> <br /><a href=\"https://www.google.com/search?q=Oc%C3%A9an+Automobile+Nantes&oq=Oc%C3%A9an+Automobile+Nantes&aqs=chrome..69i57j0l4.531j0j4&sourceid=chrome&ie=UTF-8\">02 40 16 92 92</a><br /><br />  ·Bymycar Limonest<br /><a href=\"mailto:contact@bymycar.fr\">contact@bymycar.fr</a> <br /><a href=\"https://www.google.com/search?q=Bymycar%20Limonest&oq=Bymycar+Limonest&aqs=chrome..69i57j0l2.185j0j4&sourceid=chrome&ie=UTF-8&npsic=0&rflfq=1&rlha=0&rllag=45806708,4775110,368&tbm=lcl&rldimm=14107209895871275161&ved=2ahUKEwip5amYrO_fAhVJThoKHeHUA44QvS4wAXoECAAQFw&rldoc=1&tbs=lrf:!2m1!1e3!3sIAE,lf:1,lf_ui:3\">04 82 29 14 91</a><br /><br />  ·Jean Lain Automobiles Echirolles<br /><u><a href=\"mailto:relationclient@jeanlain.com%0D\">relationclient@jeanlain.com</a></u><br /><a href=\"https://www.google.com/search?q=Jean%20Lain%20Automobiles%20Echirolles&oq=Jean+Lain+Automobiles+Echirolles&aqs=chrome..69i57j0.931j0j4&sourceid=chrome&ie=UTF-8&npsic=0&rflfq=1&rlha=0&rllag=45152061,5709135,133&tbm=lcl&rldimm=5427366476927130197&lqi=CiBKZWFuIExhaW4gQXV0b21vYmlsZXMgRWNoaXJvbGxlcyIDiAEBWhcKFWplYW4gbGFpbiBhdXRvbW9iaWxlcw&ved=2ahUKEwjN0tixrO_fAhUR0xoKHRVeDeQQvS4wAXoECAAQHg&rldoc=1&tbs=lrf:!2m1!1e3!3sIAE,lf:1,lf_ui:4\">04 76 23 20 81</a><br /><br />  ·Tressol Chabrier Béziers<br /><a href=\"mailto:leo.corvitto@tressol-chabrier.com\">leo.corvitto@tressol-chabrier.com</a> <br /><a href=\"https://www.google.com/search?q=Tressol+Chabrier+B%C3%A9ziers&oq=Tressol+Chabrier+B%C3%A9ziers&aqs=chrome..69i57j0l2.206j0j4&sourceid=chrome&ie=UTF-8\">04 67 62 86 28</a><br /><br />  ·Audi Nice La Plaine<br /><a href=\"mailto:contact@audi-nice.fr\">contact@audi-nice.fr</a> <br /><a href=\"https://www.google.com/search?q=Audi+Nice+La+Plaine&oq=Audi+Nice+La+Plaine&aqs=chrome..69i57j0l5.167j0j4&sourceid=chrome&ie=UTF-8\">04 89 08 44 05</a><br /><br />  ·DBF Artigues<br /><a href=\"mailto:contact@dbf-autos.fr\">contact@dbf-autos.fr</a> <br /><a href=\"https://www.google.com/search?q=DBF+Artigues&oq=DBF+Artigues&aqs=chrome..69i57j0l5.271j0j4&sourceid=chrome&ie=UTF-8\">05 56 86 75 40</a><br /><br />  ·Auto-Expo Audi Bruay-La-Buissière<br /><a href=\"mailto:contact@audi-bruay.fr\">contact@audi-bruay.fr</a> <br /><a href=\"https://www.google.com/search?q=Auto-Expo+Audi+Bruay-La-Buissi%C3%A8re&oq=Auto-Expo+Audi+Bruay-La-Buissi%C3%A8re&aqs=chrome..69i57j0l3.1101j0j4&sourceid=chrome&ie=UTF-8\">03 21 61 65 50</a><br /><br />  ·Audi Odicée Marseille<br /><a href=\"mailto:contact@audi-marseille.fr\">contact@audi-marseille.fr</a> <br /><a href=\"https://www.google.com/search?q=Audi+Odic%C3%A9e+Marseille&oq=Audi+Odic%C3%A9e+Marseille&aqs=chrome..69i57j0l3.372j0j4&sourceid=chrome&ie=UTF-8\">04 91 25 92 00</a><br /><br />  ·Alliance auto Audi Morlaix<br /><a href=\"mailto:contact@alliance-auto-morlaix.com\">contact@alliance-auto-morlaix.com</a> <br /><a href=\"https://www.google.com/search?q=Alliance+auto+Audi+Morlaix&oq=Alliance+auto+Audi+Morlaix&aqs=chrome..69i57j0.773j0j4&sourceid=chrome&ie=UTF-8\">02 72 24 53 57</a><br /><br />  ·Garage de l\'Europe Pontivy<br /><a href=\"mailto:contact@europe-pontivy.fr\">contact@europe-pontivy.fr</a> <br /><a href=\"https://www.google.com/search?q=Garage+de+l%27Europe+Pontivy&oq=Garage+de+l%27Europe+Pontivy&aqs=chrome..69i57.251j0j4&sourceid=chrome&ie=UTF-8\">02 72 24 53 95</a><br /><br />  ·Océan automobile Rezé  <br /><a href=\"mailto:contact@audi-reze.fr\">contact@audi-reze.fr</a> <br /><a href=\"https://www.google.com/search?q=Oc%C3%A9an+automobile+Rez%C3%A9&oq=Oc%C3%A9an+automobile+Rez%C3%A9&aqs=chrome..69i57j0l2.277j0j4&sourceid=chrome&ie=UTF-8\">02 40 16 78 00</a><br /><br />  ·Bymycar Villefranche sur Saone<br /><a href=\"mailto:contact@bymycar.fr\">contact@bymycar.fr</a><br /><a href=\"https://www.google.com/search?q=Bymycar+Villefranche+sur+Saone&oq=Bymycar+Villefranche+sur+Saone&aqs=chrome..69i57j0l3.1007j0j4&sourceid=chrome&ie=UTF-8\">04 82 29 16 22</a><br /><br />  ·DBF Saint Clement de Rivière<br /><a href=\"mailto:contact@dbf-autos.fr\">contact@dbf-autos.fr</a><br /><a href=\"https://www.google.com/search?q=DBF+Saint+Clement+de+Rivi%C3%A8re&oq=DBF+Saint+Clement+de+Rivi%C3%A8re&aqs=chrome..69i57j0l4.234j0j9&sourceid=chrome&ie=UTF-8\">04 67 61 91 61</a><br /><br />  ·Audi Nice Centre-ville<br /><a href=\"mailto:contact@audi-nice-centre.fr\">contact@audi-nice-centre.fr</a> <br /><a href=\"https://www.google.com/search?q=Audi+Nice+Centre-ville&oq=Audi+Nice+Centre-ville&aqs=chrome..69i57j0.3206j0j9&sourceid=chrome&ie=UTF-8\">04 93 88 24 24</a><br /><br />  ·Audi Odicée Saint Victoret<br /><a href=\"mailto:contact@audi-saint-victoret.com\">contact@audi-saint-victoret.com</a> <br /><a href=\"https://www.google.com/search?q=Audi+Odic%C3%A9e+Saint+Victoret&oq=Audi+Odic%C3%A9e+Saint+Victoret&aqs=chrome..69i57j0l2.844j0j9&sourceid=chrome&ie=UTF-8\">04 42 15 94 80</a><br /><br />  ·Excel Automobiles Audi Brest<br /><a href=\"mailto:contact@excel-automobiles-brest.fr\">contact@excel-automobiles-brest.fr</a> <br /><a href=\"https://www.google.com/search?q=Excel+Automobiles+Audi+Brest&oq=Excel+Automobiles+Audi+Brest&aqs=chrome..69i57j0l2.540j0j4&sourceid=chrome&ie=UTF-8\">02 72 24 53 56</a><br /><br />  ·Audi Odicée Aix<br /><a href=\"mailto:contact@audi-aix.com\">contact@audi-aix.com</a> <br /><a href=\"https://www.google.com/search?q=Audi+Odic%C3%A9e+Aix&oq=Audi+Odic%C3%A9e+Aix&aqs=chrome..69i57.577j0j4&sourceid=chrome&ie=UTF-8\">04 42 39 33 34</a> <br /><br /><br /><strong>Région parisienne :</strong><br />  ·Audi City Paris 75 - Bauer Paris Saint-Honoré<br /><a href=\"mailto:contact@audicityparis.com\">contact@audicityparis.com</a> <br /><a href=\"https://www.google.com/search?q=Audi+City+Paris+75+-+Bauer+Paris+Saint-Honor%C3%A9&oq=Audi+City+Paris+75+-+Bauer+Paris+Saint-Honor%C3%A9&aqs=chrome..69i57j0.880j0j7&sourceid=chrome&ie=UTF-8\">01 55 35 30 00</a><br /><br />  ·Audi Bauer Paris Wagram 75<br /><a href=\"mailto:contact@bauerparis.fr\">contact@bauerparis.fr</a> <br /><a href=\"https://www.google.com/search?q=Audi+Bauer+Paris+Wagram+75&oq=Audi+Bauer+Paris+Wagram+75&aqs=chrome..69i57j0l2.778j0j4&sourceid=chrome&ie=UTF-8\">01 42 12 30 00</a><br /><br />  ·Audi Bauer Paris Saint-Ouen 93<br /><a href=\"mailto:contact@bauerparis.fr\">contact@bauerparis.fr</a><br /><a href=\"https://www.google.com/search?q=Audi+Bauer+Paris+Saint-Ouen+93&oq=Audi+Bauer+Paris+Saint-Ouen+93&aqs=chrome..69i57j0.701j0j4&sourceid=chrome&ie=UTF-8\">01 49 18 30 00</a><br />',NULL,NULL,NULL,NULL,NULL,NULL,NULL,'2019-01-15 10:29:03','2020-07-02 08:19:18');
insert  into `opportunites`(`id`,`id_in_sellsy`,`numero`,`nom`,`opportunite_statut_id`,`montant_potentiel`,`date_echeance`,`pipeline_id`,`pipeline_etape_id`,`probabilite`,`brief`,`type_client_id`,`source_lead_id`,`contact_raison_id`,`type_evenement_id`,`type_demande`,`antenne_retrait`,`antenne_retrait_secondaire`,`created`,`modified`) values (4,1969782,'OPP-08231','V and B - Saint Patrick - dimanche 17 mars',1,'0.00',NULL,36489,336154,'0.00','prospection pour la saint Patrick auprès des V&B',NULL,NULL,NULL,NULL,NULL,NULL,NULL,'2019-01-25 14:57:03','2020-07-02 08:19:19');
insert  into `opportunites`(`id`,`id_in_sellsy`,`numero`,`nom`,`opportunite_statut_id`,`montant_potentiel`,`date_echeance`,`pipeline_id`,`pipeline_etape_id`,`probabilite`,`brief`,`type_client_id`,`source_lead_id`,`contact_raison_id`,`type_evenement_id`,`type_demande`,`antenne_retrait`,`antenne_retrait_secondaire`,`created`,`modified`) values (5,2038893,'OPP-09470','Salon CE - repas fin d\'année - fin nov/début dec',4,'720.00',NULL,36489,352494,'0.00','rencontré pendant salon du CE de Brest',NULL,NULL,NULL,NULL,NULL,NULL,NULL,'2019-02-26 13:18:28','2020-07-02 08:19:19');
insert  into `opportunites`(`id`,`id_in_sellsy`,`numero`,`nom`,`opportunite_statut_id`,`montant_potentiel`,`date_echeance`,`pipeline_id`,`pipeline_etape_id`,`probabilite`,`brief`,`type_client_id`,`source_lead_id`,`contact_raison_id`,`type_evenement_id`,`type_demande`,`antenne_retrait`,`antenne_retrait_secondaire`,`created`,`modified`) values (6,2038908,'OPP-09471','SALON - repas fin d\'année - Plougastel',4,'710.00',NULL,36489,352494,'0.00','rencontré au salon des CE de brest',NULL,NULL,NULL,NULL,NULL,NULL,NULL,'2019-02-26 13:25:26','2020-07-02 08:19:19');
insert  into `opportunites`(`id`,`id_in_sellsy`,`numero`,`nom`,`opportunite_statut_id`,`montant_potentiel`,`date_echeance`,`pipeline_id`,`pipeline_etape_id`,`probabilite`,`brief`,`type_client_id`,`source_lead_id`,`contact_raison_id`,`type_evenement_id`,`type_demande`,`antenne_retrait`,`antenne_retrait_secondaire`,`created`,`modified`) values (7,2038931,'OPP-09472','SALON - arbre de noel - st pol de leon',4,'710.00',NULL,36489,352494,'0.00','rencontré au salon des CE de Brest',NULL,NULL,NULL,NULL,NULL,NULL,NULL,'2019-02-26 13:36:32','2020-07-02 08:19:19');
insert  into `opportunites`(`id`,`id_in_sellsy`,`numero`,`nom`,`opportunite_statut_id`,`montant_potentiel`,`date_echeance`,`pipeline_id`,`pipeline_etape_id`,`probabilite`,`brief`,`type_client_id`,`source_lead_id`,`contact_raison_id`,`type_evenement_id`,`type_demande`,`antenne_retrait`,`antenne_retrait_secondaire`,`created`,`modified`) values (8,2043615,'OPP-09538','SALON - fête des mères - we 25/26 mai - Brest',4,'710.00',NULL,36489,259097,'30.00','rencontré au salon des CE de Brest, j\'ai parlé des anim en centre commercial avec papier spécial pré découpé type coupon de réduc, très intéressées pour montrer cela a la boite pour la fête des mères',NULL,NULL,NULL,NULL,NULL,NULL,NULL,'2019-02-27 19:34:59','2020-07-02 08:19:19');
insert  into `opportunites`(`id`,`id_in_sellsy`,`numero`,`nom`,`opportunite_statut_id`,`montant_potentiel`,`date_echeance`,`pipeline_id`,`pipeline_etape_id`,`probabilite`,`brief`,`type_client_id`,`source_lead_id`,`contact_raison_id`,`type_evenement_id`,`type_demande`,`antenne_retrait`,`antenne_retrait_secondaire`,`created`,`modified`) values (9,2043671,'OPP-09541','SALON - festival - sam 29 juin - Nantes',4,'710.00',NULL,36489,259097,'30.00','rencontré au salon des CE de Brest, Bastien me parle d\'un mini festival des solidarités pour la région grand ouest tenu à Nantes en extérieur le samedi 29 juin prochain.<br />Il y aura une 100ène de bénévoles et l\'animation sera ouverte au public afin d\'appeler aux dons.<br />Le thème de la journée est le sport afin d\'apporter des accès aux activités sportives aux personnes dans le besoin..<br />lui dire si autres secours pop ont booké avec nous car d\'autres groupements régionaux pourraient être intéressés par le concept.',NULL,NULL,NULL,NULL,NULL,NULL,NULL,'2019-02-27 20:52:05','2020-07-02 08:19:19');
insert  into `opportunites`(`id`,`id_in_sellsy`,`numero`,`nom`,`opportunite_statut_id`,`montant_potentiel`,`date_echeance`,`pipeline_id`,`pipeline_etape_id`,`probabilite`,`brief`,`type_client_id`,`source_lead_id`,`contact_raison_id`,`type_evenement_id`,`type_demande`,`antenne_retrait`,`antenne_retrait_secondaire`,`created`,`modified`) values (10,2043686,'OPP-09544','SALON Brest- apéro dînatoire de Noël - Guipavas',4,'710.00',NULL,36489,255249,'30.00','Rencontré lors du salon des CE de brest, ont tous les ans un apréo dînatoire de noël dans leurs locaux avec les familles des salariés en général le midi de 11h30 à 15h, envoi d\'une propo mais plus pour la direction',NULL,NULL,NULL,NULL,NULL,NULL,NULL,'2019-02-27 21:10:34','2020-07-02 08:19:19');
insert  into `opportunites`(`id`,`id_in_sellsy`,`numero`,`nom`,`opportunite_statut_id`,`montant_potentiel`,`date_echeance`,`pipeline_id`,`pipeline_etape_id`,`probabilite`,`brief`,`type_client_id`,`source_lead_id`,`contact_raison_id`,`type_evenement_id`,`type_demande`,`antenne_retrait`,`antenne_retrait_secondaire`,`created`,`modified`) values (11,2043694,'OPP-09545','SALON Brest - repas fin d\'année - Concarneau',4,'710.00',NULL,36489,255249,'30.00','rencontré au salon des CE de Brest<br />potentiel repas de fin d\'année, intéressé car nouvelle antenne à Quimper',NULL,NULL,NULL,NULL,NULL,NULL,NULL,'2019-02-27 21:24:30','2020-07-02 08:19:19');
insert  into `opportunites`(`id`,`id_in_sellsy`,`numero`,`nom`,`opportunite_statut_id`,`montant_potentiel`,`date_echeance`,`pipeline_id`,`pipeline_etape_id`,`probabilite`,`brief`,`type_client_id`,`source_lead_id`,`contact_raison_id`,`type_evenement_id`,`type_demande`,`antenne_retrait`,`antenne_retrait_secondaire`,`created`,`modified`) values (12,2043701,'OPP-09546','SALON - event piscine + remise de prix - mai & juin - piscine Kerhallet Brest',1,'0.00',NULL,36489,336154,'0.00','rencontrés au salon des CE de Brest, ont une sorte de société sportive pour leur boite qui fait partie d\'un grand groupe danois.<br />ont une soirée piscine et une remise de prix, soit 2 events différents vers mai juin mais sur peu d\'heures donc vu avec eux je leur envoi la propo ring quand elle est sortie.<br />gros potentiel pour arbre de noel car boite de 170 employés sur Brest mais le groupe a un budget de 16000€ a l\'année pour leurs events internes.',NULL,NULL,NULL,NULL,NULL,NULL,NULL,'2019-02-27 21:37:29','2020-07-02 08:19:19');
insert  into `opportunites`(`id`,`id_in_sellsy`,`numero`,`nom`,`opportunite_statut_id`,`montant_potentiel`,`date_echeance`,`pipeline_id`,`pipeline_etape_id`,`probabilite`,`brief`,`type_client_id`,`source_lead_id`,`contact_raison_id`,`type_evenement_id`,`type_demande`,`antenne_retrait`,`antenne_retrait_secondaire`,`created`,`modified`) values (13,2053565,'OPP-09743','SALON Le Mans- 50 ans E - La Ferté-Bernard',4,'710.00',NULL,36489,255249,'30.00','Suite rencontre au salon des CE du Mans',NULL,NULL,NULL,NULL,NULL,NULL,NULL,'2019-03-05 15:08:04','2020-07-02 08:19:24');
insert  into `opportunites`(`id`,`id_in_sellsy`,`numero`,`nom`,`opportunite_statut_id`,`montant_potentiel`,`date_echeance`,`pipeline_id`,`pipeline_etape_id`,`probabilite`,`brief`,`type_client_id`,`source_lead_id`,`contact_raison_id`,`type_evenement_id`,`type_demande`,`antenne_retrait`,`antenne_retrait_secondaire`,`created`,`modified`) values (14,2053630,'OPP-09746','SALON Le Mans Mega CGR - arbre de noël',4,'560.00',NULL,36489,255251,'70.00','suite rencontre salon des CE du Mans',NULL,NULL,NULL,NULL,NULL,NULL,NULL,'2019-03-05 15:22:03','2020-07-02 08:19:25');
insert  into `opportunites`(`id`,`id_in_sellsy`,`numero`,`nom`,`opportunite_statut_id`,`montant_potentiel`,`date_echeance`,`pipeline_id`,`pipeline_etape_id`,`probabilite`,`brief`,`type_client_id`,`source_lead_id`,`contact_raison_id`,`type_evenement_id`,`type_demande`,`antenne_retrait`,`antenne_retrait_secondaire`,`created`,`modified`) values (15,2053673,'OPP-09747','SALON Le Mans- fin d\'année ou séminaire',4,'560.00',NULL,36489,255249,'30.00','suite rencontre salon des CE du Mans',NULL,NULL,NULL,NULL,NULL,NULL,NULL,'2019-03-05 15:32:54','2020-07-02 08:19:25');
insert  into `opportunites`(`id`,`id_in_sellsy`,`numero`,`nom`,`opportunite_statut_id`,`montant_potentiel`,`date_echeance`,`pipeline_id`,`pipeline_etape_id`,`probabilite`,`brief`,`type_client_id`,`source_lead_id`,`contact_raison_id`,`type_evenement_id`,`type_demande`,`antenne_retrait`,`antenne_retrait_secondaire`,`created`,`modified`) values (16,2053728,'OPP-09748','SALON Le Mans- repas fin d\'année',4,'560.00',NULL,36489,255249,'30.00','Suit rencontre salon des CE du Mans',NULL,NULL,NULL,NULL,NULL,NULL,NULL,'2019-03-05 15:45:22','2020-07-02 08:19:25');
insert  into `opportunites`(`id`,`id_in_sellsy`,`numero`,`nom`,`opportunite_statut_id`,`montant_potentiel`,`date_echeance`,`pipeline_id`,`pipeline_etape_id`,`probabilite`,`brief`,`type_client_id`,`source_lead_id`,`contact_raison_id`,`type_evenement_id`,`type_demande`,`antenne_retrait`,`antenne_retrait_secondaire`,`created`,`modified`) values (17,2053798,'OPP-09751','SALON - expo jouets de Noël - dim 19 mai',4,'560.00',NULL,36489,259097,'30.00','Suite rencontre salon des CE du Mans',NULL,NULL,NULL,NULL,NULL,NULL,NULL,'2019-03-05 16:03:26','2020-07-02 08:19:25');
insert  into `opportunites`(`id`,`id_in_sellsy`,`numero`,`nom`,`opportunite_statut_id`,`montant_potentiel`,`date_echeance`,`pipeline_id`,`pipeline_etape_id`,`probabilite`,`brief`,`type_client_id`,`source_lead_id`,`contact_raison_id`,`type_evenement_id`,`type_demande`,`antenne_retrait`,`antenne_retrait_secondaire`,`created`,`modified`) values (18,2053836,'OPP-09754','SALON Le Mans Mega CGR - Repas fin d\'année - 8 décembre',4,'560.00',NULL,36489,255251,'70.00','Suite rencontre au salon des CE du Mans',NULL,NULL,NULL,NULL,NULL,NULL,NULL,'2019-03-05 16:14:42','2020-07-02 08:19:26');
insert  into `opportunites`(`id`,`id_in_sellsy`,`numero`,`nom`,`opportunite_statut_id`,`montant_potentiel`,`date_echeance`,`pipeline_id`,`pipeline_etape_id`,`probabilite`,`brief`,`type_client_id`,`source_lead_id`,`contact_raison_id`,`type_evenement_id`,`type_demande`,`antenne_retrait`,`antenne_retrait_secondaire`,`created`,`modified`) values (19,2053893,'OPP-09755','SALON Le Mans- repas fin d\'année en WE',4,'560.00',NULL,36489,255249,'30.00','Suite rencontre au salon des CE du Mans',NULL,NULL,NULL,NULL,NULL,NULL,NULL,'2019-03-05 16:26:50','2020-07-02 08:19:26');
insert  into `opportunites`(`id`,`id_in_sellsy`,`numero`,`nom`,`opportunite_statut_id`,`montant_potentiel`,`date_echeance`,`pipeline_id`,`pipeline_etape_id`,`probabilite`,`brief`,`type_client_id`,`source_lead_id`,`contact_raison_id`,`type_evenement_id`,`type_demande`,`antenne_retrait`,`antenne_retrait_secondaire`,`created`,`modified`) values (20,2054409,'OPP-09761','SALON - we fin année - gagnant tombola',4,'0.00',NULL,36489,255251,'70.00','Suite rencontre salon des CE du Mans.<br />Gagnant du prix location offerte',NULL,NULL,NULL,NULL,NULL,NULL,NULL,'2019-03-05 18:52:40','2020-07-02 08:19:26');
insert  into `opportunites`(`id`,`id_in_sellsy`,`numero`,`nom`,`opportunite_statut_id`,`montant_potentiel`,`date_echeance`,`pipeline_id`,`pipeline_etape_id`,`probabilite`,`brief`,`type_client_id`,`source_lead_id`,`contact_raison_id`,`type_evenement_id`,`type_demande`,`antenne_retrait`,`antenne_retrait_secondaire`,`created`,`modified`) values (21,2055555,'OPP-09789','SALON Le Mans - cabaret + noel',4,'560.00',NULL,36489,255249,'30.00','Suite rencontre au salon des CE du Mans, faire 2 propos, une pour une date, une pour 2 dates',NULL,NULL,NULL,NULL,NULL,NULL,NULL,'2019-03-06 12:15:52','2020-07-02 08:19:26');
insert  into `opportunites`(`id`,`id_in_sellsy`,`numero`,`nom`,`opportunite_statut_id`,`montant_potentiel`,`date_echeance`,`pipeline_id`,`pipeline_etape_id`,`probabilite`,`brief`,`type_client_id`,`source_lead_id`,`contact_raison_id`,`type_evenement_id`,`type_demande`,`antenne_retrait`,`antenne_retrait_secondaire`,`created`,`modified`) values (22,2055646,'OPP-09791','SALON - event fin d\'année - dim 22 décembre - Le Mans',4,'560.00',NULL,36489,259097,'30.00','Suite rencontre au salon des CE du Mans<br />ont un event arbre de noel le dimanche 22 décembre<br />veulent du pick up et une bobine supplménetaire en option',NULL,NULL,NULL,NULL,NULL,NULL,NULL,'2019-03-06 12:39:24','2020-07-02 08:19:27');
insert  into `opportunites`(`id`,`id_in_sellsy`,`numero`,`nom`,`opportunite_statut_id`,`montant_potentiel`,`date_echeance`,`pipeline_id`,`pipeline_etape_id`,`probabilite`,`brief`,`type_client_id`,`source_lead_id`,`contact_raison_id`,`type_evenement_id`,`type_demande`,`antenne_retrait`,`antenne_retrait_secondaire`,`created`,`modified`) values (23,2055660,'OPP-09792','SALON Le Mans- event fin d\'année',4,'560.00',NULL,36489,255249,'30.00','Suite rencontre au salon des CE du Mans',NULL,NULL,NULL,NULL,NULL,NULL,NULL,'2019-03-06 12:46:49','2020-07-02 08:19:32');
insert  into `opportunites`(`id`,`id_in_sellsy`,`numero`,`nom`,`opportunite_statut_id`,`montant_potentiel`,`date_echeance`,`pipeline_id`,`pipeline_etape_id`,`probabilite`,`brief`,`type_client_id`,`source_lead_id`,`contact_raison_id`,`type_evenement_id`,`type_demande`,`antenne_retrait`,`antenne_retrait_secondaire`,`created`,`modified`) values (24,2057103,'OPP-09814','SALON le mans- Bbq un we en pick up',4,'560.00',NULL,36489,255249,'30.00','Suite rencontre au salon des CE du Mans',NULL,NULL,NULL,NULL,NULL,NULL,NULL,'2019-03-06 18:37:20','2020-07-02 08:19:32');
insert  into `opportunites`(`id`,`id_in_sellsy`,`numero`,`nom`,`opportunite_statut_id`,`montant_potentiel`,`date_echeance`,`pipeline_id`,`pipeline_etape_id`,`probabilite`,`brief`,`type_client_id`,`source_lead_id`,`contact_raison_id`,`type_evenement_id`,`type_demande`,`antenne_retrait`,`antenne_retrait_secondaire`,`created`,`modified`) values (25,2057112,'OPP-09815','SALON le mans - devis classique (Greg envoi pour loc fi en parallèle)',4,'560.00',NULL,36489,255249,'30.00','Suite rencontre salon des CE du Mans',NULL,NULL,NULL,NULL,NULL,NULL,NULL,'2019-03-06 18:45:24','2020-07-02 08:19:32');
insert  into `opportunites`(`id`,`id_in_sellsy`,`numero`,`nom`,`opportunite_statut_id`,`montant_potentiel`,`date_echeance`,`pipeline_id`,`pipeline_etape_id`,`probabilite`,`brief`,`type_client_id`,`source_lead_id`,`contact_raison_id`,`type_evenement_id`,`type_demande`,`antenne_retrait`,`antenne_retrait_secondaire`,`created`,`modified`) values (26,2057138,'OPP-09816','SALON le mans- repas E - sam 21 sept - Angers',4,'560.00',NULL,36489,255249,'30.00','suite rencontre au salon des CE du Mans, pour une soirée dans un resto sur angers avec tout leur groupe le samedi 21 sept. mettre l\'insta en option',NULL,NULL,NULL,NULL,NULL,NULL,NULL,'2019-03-06 19:04:27','2020-07-02 08:19:32');
insert  into `opportunites`(`id`,`id_in_sellsy`,`numero`,`nom`,`opportunite_statut_id`,`montant_potentiel`,`date_echeance`,`pipeline_id`,`pipeline_etape_id`,`probabilite`,`brief`,`type_client_id`,`source_lead_id`,`contact_raison_id`,`type_evenement_id`,`type_demande`,`antenne_retrait`,`antenne_retrait_secondaire`,`created`,`modified`) values (27,2057151,'OPP-09817','SALON le mans- arbre de Noel - sam 7 décembre 14h à 18h - Evron',4,'1944.00',NULL,36489,255249,'30.00','suite rencontre au salon des CE du Mans<br />pour 1200 pax donc 3 bornes avec 2 fonds verts offerts',NULL,NULL,NULL,NULL,NULL,NULL,NULL,'2019-03-06 19:24:52','2020-07-02 08:19:32');
insert  into `opportunites`(`id`,`id_in_sellsy`,`numero`,`nom`,`opportunite_statut_id`,`montant_potentiel`,`date_echeance`,`pipeline_id`,`pipeline_etape_id`,`probabilite`,`brief`,`type_client_id`,`source_lead_id`,`contact_raison_id`,`type_evenement_id`,`type_demande`,`antenne_retrait`,`antenne_retrait_secondaire`,`created`,`modified`) values (28,2057162,'OPP-09818','SALON le mans- fête fin d\'année 29 & 30 juin - La fleche',4,'650.00',NULL,36489,255249,'30.00','Suite rencontre au salon des cE du Mans pour un event avec 900 jeunes en pick up + 1 bobine',NULL,NULL,NULL,NULL,NULL,NULL,NULL,'2019-03-06 19:37:31','2020-07-02 08:19:32');
insert  into `opportunites`(`id`,`id_in_sellsy`,`numero`,`nom`,`opportunite_statut_id`,`montant_potentiel`,`date_echeance`,`pipeline_id`,`pipeline_etape_id`,`probabilite`,`brief`,`type_client_id`,`source_lead_id`,`contact_raison_id`,`type_evenement_id`,`type_demande`,`antenne_retrait`,`antenne_retrait_secondaire`,`created`,`modified`) values (29,2057169,'OPP-09819','SALON Le Mans- proposition classique',4,'710.00',NULL,36489,255249,'30.00','suite échange au salon des CE du Mans<br />ont fêté les 100 ans de l\'entreprise l’année dernière<br />ont 900 salariés, veux une propo classique',NULL,NULL,NULL,NULL,NULL,NULL,NULL,'2019-03-06 19:47:46','2020-07-02 08:19:33');
insert  into `opportunites`(`id`,`id_in_sellsy`,`numero`,`nom`,`opportunite_statut_id`,`montant_potentiel`,`date_echeance`,`pipeline_id`,`pipeline_etape_id`,`probabilite`,`brief`,`type_client_id`,`source_lead_id`,`contact_raison_id`,`type_evenement_id`,`type_demande`,`antenne_retrait`,`antenne_retrait_secondaire`,`created`,`modified`) values (30,2057196,'OPP-09822','SALON Le Mans - asso pick up we',4,'467.00',NULL,36489,255249,'30.00','Suite rencontre au salon des CE du Mans<br />c\'est une asso pour 1 we en pick up<br />si j\'appelle le num je tomberai sur Isabelle la secrétaire',NULL,NULL,NULL,NULL,NULL,NULL,NULL,'2019-03-06 20:34:26','2020-07-02 08:19:33');
insert  into `opportunites`(`id`,`id_in_sellsy`,`numero`,`nom`,`opportunite_statut_id`,`montant_potentiel`,`date_echeance`,`pipeline_id`,`pipeline_etape_id`,`probabilite`,`brief`,`type_client_id`,`source_lead_id`,`contact_raison_id`,`type_evenement_id`,`type_demande`,`antenne_retrait`,`antenne_retrait_secondaire`,`created`,`modified`) values (31,2057200,'OPP-09825','SALON Le Mans - arbre de noel 1 we en fin d\'année',4,'560.00',NULL,36489,255249,'30.00','suite rencontre au salon des CE du Mans',NULL,NULL,NULL,NULL,NULL,NULL,NULL,'2019-03-06 20:40:28','2020-07-02 08:19:33');
insert  into `opportunites`(`id`,`id_in_sellsy`,`numero`,`nom`,`opportunite_statut_id`,`montant_potentiel`,`date_echeance`,`pipeline_id`,`pipeline_etape_id`,`probabilite`,`brief`,`type_client_id`,`source_lead_id`,`contact_raison_id`,`type_evenement_id`,`type_demande`,`antenne_retrait`,`antenne_retrait_secondaire`,`created`,`modified`) values (32,2057205,'OPP-09826','SALON Le Mans - repas noël ven midi fin d \'année',4,'490.00',NULL,36489,255249,'30.00','Suite rencontre au salon des CE du Mans<br />envoyer une propo pour la nouvelle borne plutot',NULL,NULL,NULL,NULL,NULL,NULL,NULL,'2019-03-06 20:47:23','2020-07-02 08:19:34');
insert  into `opportunites`(`id`,`id_in_sellsy`,`numero`,`nom`,`opportunite_statut_id`,`montant_potentiel`,`date_echeance`,`pipeline_id`,`pipeline_etape_id`,`probabilite`,`brief`,`type_client_id`,`source_lead_id`,`contact_raison_id`,`type_evenement_id`,`type_demande`,`antenne_retrait`,`antenne_retrait_secondaire`,`created`,`modified`) values (33,2112961,'OPP-10910','CE Nantes - mer 11 décembre - nantes',4,'800.00',NULL,36489,255249,'30.00','suite rencontre salon CE Nantes<br />pour arbre de noel<br />350 pax<br />borne + fond vert offert + 1 bobine',NULL,NULL,NULL,NULL,NULL,NULL,NULL,'2019-04-01 12:37:49','2020-07-02 08:19:39');
insert  into `opportunites`(`id`,`id_in_sellsy`,`numero`,`nom`,`opportunite_statut_id`,`montant_potentiel`,`date_echeance`,`pipeline_id`,`pipeline_etape_id`,`probabilite`,`brief`,`type_client_id`,`source_lead_id`,`contact_raison_id`,`type_evenement_id`,`type_demande`,`antenne_retrait`,`antenne_retrait_secondaire`,`created`,`modified`) values (34,2112975,'OPP-10911','CE Nantes - sam 7 décembre - Laval',4,'560.00',NULL,36489,255249,'30.00','Suite rencontre salon CE nantes<br />pour arbre de noel sam 7 dec à laval<br />ont eu un devis moitié moins cher qu\'il m\'a promis de m\'envoyer',NULL,NULL,NULL,NULL,NULL,NULL,NULL,'2019-04-01 12:44:24','2020-07-02 08:19:39');
insert  into `opportunites`(`id`,`id_in_sellsy`,`numero`,`nom`,`opportunite_statut_id`,`montant_potentiel`,`date_echeance`,`pipeline_id`,`pipeline_etape_id`,`probabilite`,`brief`,`type_client_id`,`source_lead_id`,`contact_raison_id`,`type_evenement_id`,`type_demande`,`antenne_retrait`,`antenne_retrait_secondaire`,`created`,`modified`) values (35,2113114,'OPP-10913','CE NANTES - 1 event en juillet et 1 event en aout - Machecoul',4,'740.00',NULL,36489,255249,'30.00','Suite rencontre salon des CE de nantes<br />1 event interne en juillet<br />1 event avec familles en décembre',NULL,NULL,NULL,NULL,NULL,NULL,NULL,'2019-04-01 13:55:21','2020-07-02 08:19:39');
insert  into `opportunites`(`id`,`id_in_sellsy`,`numero`,`nom`,`opportunite_statut_id`,`montant_potentiel`,`date_echeance`,`pipeline_id`,`pipeline_etape_id`,`probabilite`,`brief`,`type_client_id`,`source_lead_id`,`contact_raison_id`,`type_evenement_id`,`type_demande`,`antenne_retrait`,`antenne_retrait_secondaire`,`created`,`modified`) values (36,2113133,'OPP-10914','CE NANTES - arbre de noel - 1 dimanche début décembre - Angers',4,'560.00',NULL,36489,255249,'30.00','Suite rencontre salon des CE de Nantes<br />arbre de noe 1 dimanche début decembre',NULL,NULL,NULL,NULL,NULL,NULL,NULL,'2019-04-01 14:03:29','2020-07-02 08:19:39');
insert  into `opportunites`(`id`,`id_in_sellsy`,`numero`,`nom`,`opportunite_statut_id`,`montant_potentiel`,`date_echeance`,`pipeline_id`,`pipeline_etape_id`,`probabilite`,`brief`,`type_client_id`,`source_lead_id`,`contact_raison_id`,`type_evenement_id`,`type_demande`,`antenne_retrait`,`antenne_retrait_secondaire`,`created`,`modified`) values (37,2113157,'OPP-10915','CE NANTES - arbre de noel - 2ème we de dec - dans 3 ou 4 magasins',1,'0.00',NULL,36489,336154,'0.00','suite rencontre au salon des CE de nantes<br />ont fait l\'année dernière<br />veulent même type de devis mais je lui ai dit qu\'il fallait qu\'elle m\'envoi les détails d\'abord<br />envoi mail pour avoir dates, liste des magasins et horaires animations',NULL,NULL,NULL,NULL,NULL,NULL,NULL,'2019-04-01 14:10:20','2020-07-02 08:19:39');
insert  into `opportunites`(`id`,`id_in_sellsy`,`numero`,`nom`,`opportunite_statut_id`,`montant_potentiel`,`date_echeance`,`pipeline_id`,`pipeline_etape_id`,`probabilite`,`brief`,`type_client_id`,`source_lead_id`,`contact_raison_id`,`type_evenement_id`,`type_demande`,`antenne_retrait`,`antenne_retrait_secondaire`,`created`,`modified`) values (38,2113225,'OPP-10918','CE NANTES - jeu 25 juillet - Saint Hilaire de Clisson',4,'730.00',NULL,36489,255249,'30.00','Suite rencontre Bertrand SAlon des CE de Nantes<br />Event le jeu 25 juillet à Saint Hilaire de Clisson',NULL,NULL,NULL,NULL,NULL,NULL,NULL,'2019-04-01 14:31:13','2020-07-02 08:19:39');
insert  into `opportunites`(`id`,`id_in_sellsy`,`numero`,`nom`,`opportunite_statut_id`,`montant_potentiel`,`date_echeance`,`pipeline_id`,`pipeline_etape_id`,`probabilite`,`brief`,`type_client_id`,`source_lead_id`,`contact_raison_id`,`type_evenement_id`,`type_demande`,`antenne_retrait`,`antenne_retrait_secondaire`,`created`,`modified`) values (39,2113485,'OPP-10921','CE NANTES - sam 7 dec - Nantes et Paris',4,'1146.00',NULL,36489,255249,'30.00','Suite rencontre salon des CE de Nantes<br />Samuel JULIEN pour les 2 sites de Nantes qui se regroupent pour arbre de noël<br />Samira Ouali pour le site de Paris<br />event le samedi 7 dec de 11h à 18h<br /><br />Envoi d\'1 devis global<br />',NULL,NULL,NULL,NULL,NULL,NULL,NULL,'2019-04-01 15:15:00','2020-07-02 08:19:39');
insert  into `opportunites`(`id`,`id_in_sellsy`,`numero`,`nom`,`opportunite_statut_id`,`montant_potentiel`,`date_echeance`,`pipeline_id`,`pipeline_etape_id`,`probabilite`,`brief`,`type_client_id`,`source_lead_id`,`contact_raison_id`,`type_evenement_id`,`type_demande`,`antenne_retrait`,`antenne_retrait_secondaire`,`created`,`modified`) values (40,2113542,'OPP-10923','CE NANTES - event E - Doué la fontaine',4,'740.00',NULL,36489,255249,'30.00','suite rencontre salon ce Nantes<br />ont fait l\'année dernière avec nous et ont kiffé<br />veulent refaire',NULL,NULL,NULL,NULL,NULL,NULL,NULL,'2019-04-01 15:24:31','2020-07-02 08:19:39');
insert  into `opportunites`(`id`,`id_in_sellsy`,`numero`,`nom`,`opportunite_statut_id`,`montant_potentiel`,`date_echeance`,`pipeline_id`,`pipeline_etape_id`,`probabilite`,`brief`,`type_client_id`,`source_lead_id`,`contact_raison_id`,`type_evenement_id`,`type_demande`,`antenne_retrait`,`antenne_retrait_secondaire`,`created`,`modified`) values (41,2113572,'OPP-10926','CE NANTES - ven 6 dec - Saint Leger sous Cholet',4,'750.00',NULL,36489,255249,'30.00','suite rencontre salon ce nantes<br />veulent avec insta<br />dans les 4 fonds verts, veulent 1 avec stripteaser et 1 avec chippendales (c\'est un event en soirée sans les enfants)',NULL,NULL,NULL,NULL,NULL,NULL,NULL,'2019-04-01 15:34:29','2020-07-02 08:19:39');
insert  into `opportunites`(`id`,`id_in_sellsy`,`numero`,`nom`,`opportunite_statut_id`,`montant_potentiel`,`date_echeance`,`pipeline_id`,`pipeline_etape_id`,`probabilite`,`brief`,`type_client_id`,`source_lead_id`,`contact_raison_id`,`type_evenement_id`,`type_demande`,`antenne_retrait`,`antenne_retrait_secondaire`,`created`,`modified`) values (42,2113594,'OPP-10929','CE NANTES - juin ou septembre - nantes',4,'710.00',NULL,36489,255249,'30.00','suite rencontre salon ce nantes<br />event en juin ou en sept sur nantes',NULL,NULL,NULL,NULL,NULL,NULL,NULL,'2019-04-01 15:39:59','2020-07-02 08:19:39');
insert  into `opportunites`(`id`,`id_in_sellsy`,`numero`,`nom`,`opportunite_statut_id`,`montant_potentiel`,`date_echeance`,`pipeline_id`,`pipeline_etape_id`,`probabilite`,`brief`,`type_client_id`,`source_lead_id`,`contact_raison_id`,`type_evenement_id`,`type_demande`,`antenne_retrait`,`antenne_retrait_secondaire`,`created`,`modified`) values (43,2113618,'OPP-10930','CE NANTES - début dec - nantes',4,'710.00',NULL,36489,255249,'30.00','suite rencontre salon des ce nantes<br />event entre début et mi dec à nantes',NULL,NULL,NULL,NULL,NULL,NULL,NULL,'2019-04-01 15:44:44','2020-07-02 08:19:44');
insert  into `opportunites`(`id`,`id_in_sellsy`,`numero`,`nom`,`opportunite_statut_id`,`montant_potentiel`,`date_echeance`,`pipeline_id`,`pipeline_etape_id`,`probabilite`,`brief`,`type_client_id`,`source_lead_id`,`contact_raison_id`,`type_evenement_id`,`type_demande`,`antenne_retrait`,`antenne_retrait_secondaire`,`created`,`modified`) values (44,2113638,'OPP-10931','CE NANTES - arbre de noel - nantes',4,'720.00',NULL,36489,255249,'30.00','suite rencontre salon ce nantes<br />pour arbre de noel',NULL,NULL,NULL,NULL,NULL,NULL,NULL,'2019-04-01 15:48:37','2020-07-02 08:19:44');
insert  into `opportunites`(`id`,`id_in_sellsy`,`numero`,`nom`,`opportunite_statut_id`,`montant_potentiel`,`date_echeance`,`pipeline_id`,`pipeline_etape_id`,`probabilite`,`brief`,`type_client_id`,`source_lead_id`,`contact_raison_id`,`type_evenement_id`,`type_demande`,`antenne_retrait`,`antenne_retrait_secondaire`,`created`,`modified`) values (45,2113678,'OPP-10934','CE NANTES - vendredi aprèm en dec - nantes',4,'710.00',NULL,36489,255249,'30.00','suite rencontre salon CE nantes<br />event un vendredi aprèm en dec<br />permanence tel le jeudi de 10h à 11h',NULL,NULL,NULL,NULL,NULL,NULL,NULL,'2019-04-01 15:54:58','2020-07-02 08:19:45');
insert  into `opportunites`(`id`,`id_in_sellsy`,`numero`,`nom`,`opportunite_statut_id`,`montant_potentiel`,`date_echeance`,`pipeline_id`,`pipeline_etape_id`,`probabilite`,`brief`,`type_client_id`,`source_lead_id`,`contact_raison_id`,`type_evenement_id`,`type_demande`,`antenne_retrait`,`antenne_retrait_secondaire`,`created`,`modified`) values (46,2113711,'OPP-10935','CE NANTES - ven 6 dec - Saint Laurent sur Sèvre',4,'800.00',NULL,36489,255249,'30.00','Suite rencontre salon des CE nantes<br />event le vendredi 6 dec au soir',NULL,NULL,NULL,NULL,NULL,NULL,NULL,'2019-04-01 16:01:03','2020-07-02 08:19:46');
insert  into `opportunites`(`id`,`id_in_sellsy`,`numero`,`nom`,`opportunite_statut_id`,`montant_potentiel`,`date_echeance`,`pipeline_id`,`pipeline_etape_id`,`probabilite`,`brief`,`type_client_id`,`source_lead_id`,`contact_raison_id`,`type_evenement_id`,`type_demande`,`antenne_retrait`,`antenne_retrait_secondaire`,`created`,`modified`) values (47,2113860,'OPP-10936','CE NANTES - soirée samedi décembre - angers',4,'560.00',NULL,36489,255249,'30.00','Suite rencontre salon des CE nantes<br />event un samedi soir en décembre pour arbre de noel',NULL,NULL,NULL,NULL,NULL,NULL,NULL,'2019-04-01 16:35:54','2020-07-02 08:19:46');
insert  into `opportunites`(`id`,`id_in_sellsy`,`numero`,`nom`,`opportunite_statut_id`,`montant_potentiel`,`date_echeance`,`pipeline_id`,`pipeline_etape_id`,`probabilite`,`brief`,`type_client_id`,`source_lead_id`,`contact_raison_id`,`type_evenement_id`,`type_demande`,`antenne_retrait`,`antenne_retrait_secondaire`,`created`,`modified`) values (48,2113955,'OPP-10938','CE NANTES - sam 14 dec - St Brévin les pins',4,'560.00',NULL,36489,255249,'30.00','suite rencontre salon des ce de nantes<br />event samedi 14 dec à saint brévin les pins<br />veulent 1 devis avec insta + hotesse + bobine en option',NULL,NULL,NULL,NULL,NULL,NULL,NULL,'2019-04-01 17:01:19','2020-07-02 08:19:46');
insert  into `opportunites`(`id`,`id_in_sellsy`,`numero`,`nom`,`opportunite_statut_id`,`montant_potentiel`,`date_echeance`,`pipeline_id`,`pipeline_etape_id`,`probabilite`,`brief`,`type_client_id`,`source_lead_id`,`contact_raison_id`,`type_evenement_id`,`type_demande`,`antenne_retrait`,`antenne_retrait_secondaire`,`created`,`modified`) values (49,2113989,'OPP-10939','CE NANTES - 40 ans E - ven 19 et sam 20 juillet - Chateaubriand',4,'1146.00',NULL,36489,255249,'30.00','Suite rencontre au salon des CE de nantes<br />pour feter les 40 ans de la société sur 2 jours.<br />le vendredi avec les clients et le samedi avec salariés et familles',NULL,NULL,NULL,NULL,NULL,NULL,NULL,'2019-04-01 17:11:54','2020-07-02 08:19:46');
insert  into `opportunites`(`id`,`id_in_sellsy`,`numero`,`nom`,`opportunite_statut_id`,`montant_potentiel`,`date_echeance`,`pipeline_id`,`pipeline_etape_id`,`probabilite`,`brief`,`type_client_id`,`source_lead_id`,`contact_raison_id`,`type_evenement_id`,`type_demande`,`antenne_retrait`,`antenne_retrait_secondaire`,`created`,`modified`) values (50,2114016,'OPP-10941','CE NANTES - fête sainte barbe - 4 dec - angers',4,'710.00',NULL,36489,255249,'30.00','suite rencontre salon des CE nantes<br />event pour la sainte barbe à angers',NULL,NULL,NULL,NULL,NULL,NULL,NULL,'2019-04-01 17:20:28','2020-07-02 08:19:46');
insert  into `opportunites`(`id`,`id_in_sellsy`,`numero`,`nom`,`opportunite_statut_id`,`montant_potentiel`,`date_echeance`,`pipeline_id`,`pipeline_etape_id`,`probabilite`,`brief`,`type_client_id`,`source_lead_id`,`contact_raison_id`,`type_evenement_id`,`type_demande`,`antenne_retrait`,`antenne_retrait_secondaire`,`created`,`modified`) values (51,2114043,'OPP-10942','CE NANTES - arbre de noel - dec - cité des congrès nantes',4,'1126.00',NULL,36489,255249,'30.00','suite rencontre salon des ce de nantes<br />arbre de noel pour 700 familles à la cité des congrès de nantes<br />2 bornes + 2 fonds verts offerts + insta/désinsta',NULL,NULL,NULL,NULL,NULL,NULL,NULL,'2019-04-01 17:27:13','2020-07-02 08:19:46');
insert  into `opportunites`(`id`,`id_in_sellsy`,`numero`,`nom`,`opportunite_statut_id`,`montant_potentiel`,`date_echeance`,`pipeline_id`,`pipeline_etape_id`,`probabilite`,`brief`,`type_client_id`,`source_lead_id`,`contact_raison_id`,`type_evenement_id`,`type_demande`,`antenne_retrait`,`antenne_retrait_secondaire`,`created`,`modified`) values (52,2114063,'OPP-10944','CE NANTES - arbre de noel - dec - Laval',4,'710.00',NULL,36489,255249,'30.00','suite rencontre salon des CE de nantes<br />arbre de noel en décembre pour 60 pax près de laval',NULL,NULL,NULL,NULL,NULL,NULL,NULL,'2019-04-01 17:33:13','2020-07-02 08:19:47');
insert  into `opportunites`(`id`,`id_in_sellsy`,`numero`,`nom`,`opportunite_statut_id`,`montant_potentiel`,`date_echeance`,`pipeline_id`,`pipeline_etape_id`,`probabilite`,`brief`,`type_client_id`,`source_lead_id`,`contact_raison_id`,`type_evenement_id`,`type_demande`,`antenne_retrait`,`antenne_retrait_secondaire`,`created`,`modified`) values (53,2114078,'OPP-10945','CE NANTES - arbre de noel - nantes',4,'710.00',NULL,36489,255249,'30.00','suite rencontre bertrand salon ce nantes',NULL,NULL,NULL,NULL,NULL,NULL,NULL,'2019-04-01 17:38:00','2020-07-02 08:19:51');
insert  into `opportunites`(`id`,`id_in_sellsy`,`numero`,`nom`,`opportunite_statut_id`,`montant_potentiel`,`date_echeance`,`pipeline_id`,`pipeline_etape_id`,`probabilite`,`brief`,`type_client_id`,`source_lead_id`,`contact_raison_id`,`type_evenement_id`,`type_demande`,`antenne_retrait`,`antenne_retrait_secondaire`,`created`,`modified`) values (54,2114134,'OPP-10946','CE NANTES - arbre de noel - Aizenay',4,'560.00',NULL,36489,255249,'30.00','suite rencontre bertrand salon ce nantes',NULL,NULL,NULL,NULL,NULL,NULL,NULL,'2019-04-01 17:52:34','2020-07-02 08:19:51');
insert  into `opportunites`(`id`,`id_in_sellsy`,`numero`,`nom`,`opportunite_statut_id`,`montant_potentiel`,`date_echeance`,`pipeline_id`,`pipeline_etape_id`,`probabilite`,`brief`,`type_client_id`,`source_lead_id`,`contact_raison_id`,`type_evenement_id`,`type_demande`,`antenne_retrait`,`antenne_retrait_secondaire`,`created`,`modified`) values (55,2114156,'OPP-10947','CE NANTES - arbre de noel - Nantes',4,'710.00',NULL,36489,255249,'30.00','suite rencontre bertrand salon ce nantes',NULL,NULL,NULL,NULL,NULL,NULL,NULL,'2019-04-01 18:00:26','2020-07-02 08:19:51');
insert  into `opportunites`(`id`,`id_in_sellsy`,`numero`,`nom`,`opportunite_statut_id`,`montant_potentiel`,`date_echeance`,`pipeline_id`,`pipeline_etape_id`,`probabilite`,`brief`,`type_client_id`,`source_lead_id`,`contact_raison_id`,`type_evenement_id`,`type_demande`,`antenne_retrait`,`antenne_retrait_secondaire`,`created`,`modified`) values (56,2114187,'OPP-10948','CE NANTES - arbre de noel - 1 ou 3 jours -',4,'710.00',NULL,36489,255249,'30.00','Suite rencontre bertrand salon des ce de nantes<br />veut 2 devis<br />1 devis 1 jour<br />1 devis 3 jours',NULL,NULL,NULL,NULL,NULL,NULL,NULL,'2019-04-01 18:09:27','2020-07-02 08:19:51');
insert  into `opportunites`(`id`,`id_in_sellsy`,`numero`,`nom`,`opportunite_statut_id`,`montant_potentiel`,`date_echeance`,`pipeline_id`,`pipeline_etape_id`,`probabilite`,`brief`,`type_client_id`,`source_lead_id`,`contact_raison_id`,`type_evenement_id`,`type_demande`,`antenne_retrait`,`antenne_retrait_secondaire`,`created`,`modified`) values (57,2114193,'OPP-10949','CE NANTES - arbre de noel - nantes',4,'710.00',NULL,36489,255249,'30.00','suite rencontre bertrand salon ce nantes',NULL,NULL,NULL,NULL,NULL,NULL,NULL,'2019-04-01 18:12:22','2020-07-02 08:19:52');
insert  into `opportunites`(`id`,`id_in_sellsy`,`numero`,`nom`,`opportunite_statut_id`,`montant_potentiel`,`date_echeance`,`pipeline_id`,`pipeline_etape_id`,`probabilite`,`brief`,`type_client_id`,`source_lead_id`,`contact_raison_id`,`type_evenement_id`,`type_demande`,`antenne_retrait`,`antenne_retrait_secondaire`,`created`,`modified`) values (58,2114221,'OPP-10950','CE NANTES - arbre de noel - 1er we décembre - Orvault',4,'560.00',NULL,36489,255249,'30.00','suite rencontre salon CE nantes<br />veulent la borne pour le samedi soir (instal en option) et souhaite limiter les impressions à quelques par personne<br />200 pax<br />bobine sup en option',NULL,NULL,NULL,NULL,NULL,NULL,NULL,'2019-04-01 18:28:24','2020-07-02 08:19:52');
insert  into `opportunites`(`id`,`id_in_sellsy`,`numero`,`nom`,`opportunite_statut_id`,`montant_potentiel`,`date_echeance`,`pipeline_id`,`pipeline_etape_id`,`probabilite`,`brief`,`type_client_id`,`source_lead_id`,`contact_raison_id`,`type_evenement_id`,`type_demande`,`antenne_retrait`,`antenne_retrait_secondaire`,`created`,`modified`) values (59,2114233,'OPP-10951','CE NANTES - arbre de noel - Cholet',4,'785.00',NULL,36489,255249,'30.00','suite rencontre bertrand salon ce nantes',NULL,NULL,NULL,NULL,NULL,NULL,NULL,'2019-04-01 18:37:35','2020-07-02 08:19:52');
insert  into `opportunites`(`id`,`id_in_sellsy`,`numero`,`nom`,`opportunite_statut_id`,`montant_potentiel`,`date_echeance`,`pipeline_id`,`pipeline_etape_id`,`probabilite`,`brief`,`type_client_id`,`source_lead_id`,`contact_raison_id`,`type_evenement_id`,`type_demande`,`antenne_retrait`,`antenne_retrait_secondaire`,`created`,`modified`) values (60,2114240,'OPP-10952','CE NANTES - arbre de noel - -Thouare sur Loire',4,'710.00',NULL,36489,255249,'30.00','suite rencontre bertrand salon ce nantes',NULL,NULL,NULL,NULL,NULL,NULL,NULL,'2019-04-01 18:42:49','2020-07-02 08:19:52');
insert  into `opportunites`(`id`,`id_in_sellsy`,`numero`,`nom`,`opportunite_statut_id`,`montant_potentiel`,`date_echeance`,`pipeline_id`,`pipeline_etape_id`,`probabilite`,`brief`,`type_client_id`,`source_lead_id`,`contact_raison_id`,`type_evenement_id`,`type_demande`,`antenne_retrait`,`antenne_retrait_secondaire`,`created`,`modified`) values (61,2167910,'OPP-12010','CE RENNES - journée famille - sam 15 juin - Saint Jacques de la Lande',4,'710.00',NULL,36489,255249,'30.00','Suite rencontre CE rennes<br />300 pax<br />avec insta<br />de 10h à 15h',NULL,NULL,NULL,NULL,NULL,NULL,NULL,'2019-04-25 20:26:55','2020-07-02 08:19:52');
insert  into `opportunites`(`id`,`id_in_sellsy`,`numero`,`nom`,`opportunite_statut_id`,`montant_potentiel`,`date_echeance`,`pipeline_id`,`pipeline_etape_id`,`probabilite`,`brief`,`type_client_id`,`source_lead_id`,`contact_raison_id`,`type_evenement_id`,`type_demande`,`antenne_retrait`,`antenne_retrait_secondaire`,`created`,`modified`) values (62,2172049,'OPP-12093','SALON CE RENNES - jeu 13 juin et/ou sam 14 dec',4,'560.00',NULL,36489,255249,'30.00','Suite rencontre salon des CE de Rennes<br />1 event le jeudi 13 juin dans 1 manoir entre Rennes et Vannes environ 120 pax<br />1 event le sam 14 dec à la salle des fetes de ploermel environ 150 pax<br /><br />Veut 1 devis 1 date et 1 devis avec les 2 dates',NULL,NULL,NULL,NULL,NULL,NULL,NULL,'2019-04-28 20:17:36','2020-07-02 08:19:52');
insert  into `opportunites`(`id`,`id_in_sellsy`,`numero`,`nom`,`opportunite_statut_id`,`montant_potentiel`,`date_echeance`,`pipeline_id`,`pipeline_etape_id`,`probabilite`,`brief`,`type_client_id`,`source_lead_id`,`contact_raison_id`,`type_evenement_id`,`type_demande`,`antenne_retrait`,`antenne_retrait_secondaire`,`created`,`modified`) values (63,2174556,'OPP-12145','CE RENNES - 500 pax Dinard',4,'560.00',NULL,36489,255249,'30.00','suite rencontre salon des CE de rennes<br />seraient 500 pax, pas de date<br />',NULL,NULL,NULL,NULL,NULL,NULL,NULL,'2019-04-29 16:36:07','2020-07-02 08:19:57');
insert  into `opportunites`(`id`,`id_in_sellsy`,`numero`,`nom`,`opportunite_statut_id`,`montant_potentiel`,`date_echeance`,`pipeline_id`,`pipeline_etape_id`,`probabilite`,`brief`,`type_client_id`,`source_lead_id`,`contact_raison_id`,`type_evenement_id`,`type_demande`,`antenne_retrait`,`antenne_retrait_secondaire`,`created`,`modified`) values (64,2174678,'OPP-12150','CE RENNES - arbre de noel',4,'560.00',NULL,36489,255249,'30.00','suite rencontre salon ce rennes<br />pour arbre de noel',NULL,NULL,NULL,NULL,NULL,NULL,NULL,'2019-04-29 16:58:15','2020-07-02 08:19:57');
insert  into `opportunites`(`id`,`id_in_sellsy`,`numero`,`nom`,`opportunite_statut_id`,`montant_potentiel`,`date_echeance`,`pipeline_id`,`pipeline_etape_id`,`probabilite`,`brief`,`type_client_id`,`source_lead_id`,`contact_raison_id`,`type_evenement_id`,`type_demande`,`antenne_retrait`,`antenne_retrait_secondaire`,`created`,`modified`) values (65,2174693,'OPP-12151','CE RENNES - sam 7 décembre - Saint Lô',4,'650.00',NULL,36489,255249,'30.00','suite rencontre salon ce rennes<br />1000 pax<br />insta en option<br />bobine en +',NULL,NULL,NULL,NULL,NULL,NULL,NULL,'2019-04-29 17:02:59','2020-07-02 08:19:57');
insert  into `opportunites`(`id`,`id_in_sellsy`,`numero`,`nom`,`opportunite_statut_id`,`montant_potentiel`,`date_echeance`,`pipeline_id`,`pipeline_etape_id`,`probabilite`,`brief`,`type_client_id`,`source_lead_id`,`contact_raison_id`,`type_evenement_id`,`type_demande`,`antenne_retrait`,`antenne_retrait_secondaire`,`created`,`modified`) values (66,2174707,'OPP-12152','CE RENNES - arbre de noel',4,'560.00',NULL,36489,255249,'30.00','suite rencontre salon ce rennes<br />pas plus d\'infos',NULL,NULL,NULL,NULL,NULL,NULL,NULL,'2019-04-29 17:07:54','2020-07-02 08:19:57');
insert  into `opportunites`(`id`,`id_in_sellsy`,`numero`,`nom`,`opportunite_statut_id`,`montant_potentiel`,`date_echeance`,`pipeline_id`,`pipeline_etape_id`,`probabilite`,`brief`,`type_client_id`,`source_lead_id`,`contact_raison_id`,`type_evenement_id`,`type_demande`,`antenne_retrait`,`antenne_retrait_secondaire`,`created`,`modified`) values (67,2174724,'OPP-12153','CE RENNES - arbre de noel',4,'560.00',NULL,36489,255249,'30.00','suite rencontre au salon des ce de rennes<br />permanence ce: mardi ou jeudi de 10h à 12h',NULL,NULL,NULL,NULL,NULL,NULL,NULL,'2019-04-29 17:12:45','2020-07-02 08:19:57');
insert  into `opportunites`(`id`,`id_in_sellsy`,`numero`,`nom`,`opportunite_statut_id`,`montant_potentiel`,`date_echeance`,`pipeline_id`,`pipeline_etape_id`,`probabilite`,`brief`,`type_client_id`,`source_lead_id`,`contact_raison_id`,`type_evenement_id`,`type_demande`,`antenne_retrait`,`antenne_retrait_secondaire`,`created`,`modified`) values (68,2174744,'OPP-12154','CE RENNES - arbre de noel',4,'560.00',NULL,36489,255249,'30.00','suite rencontre au salon des ce de rennes<br />event arbre de noel<br />environ 150 pax + conjoints + enfants',NULL,NULL,NULL,NULL,NULL,NULL,NULL,'2019-04-29 17:17:42','2020-07-02 08:19:57');
insert  into `opportunites`(`id`,`id_in_sellsy`,`numero`,`nom`,`opportunite_statut_id`,`montant_potentiel`,`date_echeance`,`pipeline_id`,`pipeline_etape_id`,`probabilite`,`brief`,`type_client_id`,`source_lead_id`,`contact_raison_id`,`type_evenement_id`,`type_demande`,`antenne_retrait`,`antenne_retrait_secondaire`,`created`,`modified`) values (69,2174772,'OPP-12155','CE RENNES - Asso - 60 ans asso - pick up rennes ou saint Malo - ven 20 et sam 21 sept',4,'560.00',NULL,36489,255249,'30.00','suite rencontre salon ce rennes<br />60 ans asso<br />300 pax min<br />ven 20 et sam 21 sept<br />pick up rennes ou saint malo',NULL,NULL,NULL,NULL,NULL,NULL,NULL,'2019-04-29 17:23:39','2020-07-02 08:19:57');
insert  into `opportunites`(`id`,`id_in_sellsy`,`numero`,`nom`,`opportunite_statut_id`,`montant_potentiel`,`date_echeance`,`pipeline_id`,`pipeline_etape_id`,`probabilite`,`brief`,`type_client_id`,`source_lead_id`,`contact_raison_id`,`type_evenement_id`,`type_demande`,`antenne_retrait`,`antenne_retrait_secondaire`,`created`,`modified`) values (70,2174807,'OPP-12157','CE RENNES - arbre de noel vendredi soir début décembre',4,'560.00',NULL,36489,255249,'30.00','suite rencontre salon des ce de rennes<br />mettre livraison en option',NULL,NULL,NULL,NULL,NULL,NULL,NULL,'2019-04-29 17:33:53','2020-07-02 08:19:57');
insert  into `opportunites`(`id`,`id_in_sellsy`,`numero`,`nom`,`opportunite_statut_id`,`montant_potentiel`,`date_echeance`,`pipeline_id`,`pipeline_etape_id`,`probabilite`,`brief`,`type_client_id`,`source_lead_id`,`contact_raison_id`,`type_evenement_id`,`type_demande`,`antenne_retrait`,`antenne_retrait_secondaire`,`created`,`modified`) values (71,2174840,'OPP-12158','CE RENNES - repas en janvier 1 vendredi soir',4,'560.00',NULL,36489,255249,'30.00','suite rencontre salon des ce de rennes<br />repas de fin d\'année un vendredi soir en janvier<br /><br />A rappeler en octobre',NULL,NULL,NULL,NULL,NULL,NULL,NULL,'2019-04-29 17:38:42','2020-07-02 08:19:58');
insert  into `opportunites`(`id`,`id_in_sellsy`,`numero`,`nom`,`opportunite_statut_id`,`montant_potentiel`,`date_echeance`,`pipeline_id`,`pipeline_etape_id`,`probabilite`,`brief`,`type_client_id`,`source_lead_id`,`contact_raison_id`,`type_evenement_id`,`type_demande`,`antenne_retrait`,`antenne_retrait_secondaire`,`created`,`modified`) values (72,2174859,'OPP-12159','CE RENNES - arbre de noel',4,'560.00',NULL,36489,255249,'30.00','suite rencontre au salon des ce de rennes<br />215 pax environ<br />ont une réu le 10 mai prochain',NULL,NULL,NULL,NULL,NULL,NULL,NULL,'2019-04-29 17:44:04','2020-07-02 08:19:58');
insert  into `opportunites`(`id`,`id_in_sellsy`,`numero`,`nom`,`opportunite_statut_id`,`montant_potentiel`,`date_echeance`,`pipeline_id`,`pipeline_etape_id`,`probabilite`,`brief`,`type_client_id`,`source_lead_id`,`contact_raison_id`,`type_evenement_id`,`type_demande`,`antenne_retrait`,`antenne_retrait_secondaire`,`created`,`modified`) values (73,2177060,'OPP-12224','CE RENNES - arbre de noel',4,'560.00',NULL,36489,255249,'30.00','suite rencontre salon ce rennes<br />pas plus d\'info',NULL,NULL,NULL,NULL,NULL,NULL,NULL,'2019-04-30 16:49:03','2020-07-02 08:20:03');
insert  into `opportunites`(`id`,`id_in_sellsy`,`numero`,`nom`,`opportunite_statut_id`,`montant_potentiel`,`date_echeance`,`pipeline_id`,`pipeline_etape_id`,`probabilite`,`brief`,`type_client_id`,`source_lead_id`,`contact_raison_id`,`type_evenement_id`,`type_demande`,`antenne_retrait`,`antenne_retrait_secondaire`,`created`,`modified`) values (74,2177092,'OPP-12227','CE RENNES - jeu 27 juin + arbre de noel - chateau d\'Apigné et cesson sevigné',4,'710.00',NULL,36489,255249,'30.00','suite rencontre au salon des ce de rennes<br />1 event le jeudi 27 juin de 19h au lendemain matin au chateau d\'Apigné au Rheu pour 200 pax<br /><br />1 event 2 bornes en fin d\'année pour arbre de noel à 1000 pax à cesson sevigné',NULL,NULL,NULL,NULL,NULL,NULL,NULL,'2019-04-30 16:56:32','2020-07-02 08:20:03');
insert  into `opportunites`(`id`,`id_in_sellsy`,`numero`,`nom`,`opportunite_statut_id`,`montant_potentiel`,`date_echeance`,`pipeline_id`,`pipeline_etape_id`,`probabilite`,`brief`,`type_client_id`,`source_lead_id`,`contact_raison_id`,`type_evenement_id`,`type_demande`,`antenne_retrait`,`antenne_retrait_secondaire`,`created`,`modified`) values (75,2177134,'OPP-12229','CE RENNES - soirée E - samedi soir juin ou sept 2020',4,'560.00',NULL,36489,255249,'30.00','suite rencontre au salon des ce de rennes<br />event 1 samedi soir en juin ou sept 2020',NULL,NULL,NULL,NULL,NULL,NULL,NULL,'2019-04-30 17:05:21','2020-07-02 08:20:03');
insert  into `opportunites`(`id`,`id_in_sellsy`,`numero`,`nom`,`opportunite_statut_id`,`montant_potentiel`,`date_echeance`,`pipeline_id`,`pipeline_etape_id`,`probabilite`,`brief`,`type_client_id`,`source_lead_id`,`contact_raison_id`,`type_evenement_id`,`type_demande`,`antenne_retrait`,`antenne_retrait_secondaire`,`created`,`modified`) values (76,2177156,'OPP-12230','CE RENNES - sam 14 décembre',4,'780.00',NULL,36489,255249,'30.00','suite rencontre salon des ce de rennes<br />event le sam 14 dec dans une salle de resto pour environ 130 pax<br />veulent livr et insta',NULL,NULL,NULL,NULL,NULL,NULL,NULL,'2019-04-30 17:11:07','2020-07-02 08:20:03');
insert  into `opportunites`(`id`,`id_in_sellsy`,`numero`,`nom`,`opportunite_statut_id`,`montant_potentiel`,`date_echeance`,`pipeline_id`,`pipeline_etape_id`,`probabilite`,`brief`,`type_client_id`,`source_lead_id`,`contact_raison_id`,`type_evenement_id`,`type_demande`,`antenne_retrait`,`antenne_retrait_secondaire`,`created`,`modified`) values (77,2177176,'OPP-12233','CE RENNES - repas noel',4,'560.00',NULL,36489,255249,'30.00','suite rencontre salon des ce rennes<br />repas de noel',NULL,NULL,NULL,NULL,NULL,NULL,NULL,'2019-04-30 17:15:48','2020-07-02 08:20:03');
insert  into `opportunites`(`id`,`id_in_sellsy`,`numero`,`nom`,`opportunite_statut_id`,`montant_potentiel`,`date_echeance`,`pipeline_id`,`pipeline_etape_id`,`probabilite`,`brief`,`type_client_id`,`source_lead_id`,`contact_raison_id`,`type_evenement_id`,`type_demande`,`antenne_retrait`,`antenne_retrait_secondaire`,`created`,`modified`) values (78,2177193,'OPP-12234','CE RENNES - repas de noel',4,'560.00',NULL,36489,255249,'30.00','suite rencontre salon des ce de rennes<br />pour 300 pax<br />pas plus d\'infos',NULL,NULL,NULL,NULL,NULL,NULL,NULL,'2019-04-30 17:21:01','2020-07-02 08:20:03');
insert  into `opportunites`(`id`,`id_in_sellsy`,`numero`,`nom`,`opportunite_statut_id`,`montant_potentiel`,`date_echeance`,`pipeline_id`,`pipeline_etape_id`,`probabilite`,`brief`,`type_client_id`,`source_lead_id`,`contact_raison_id`,`type_evenement_id`,`type_demande`,`antenne_retrait`,`antenne_retrait_secondaire`,`created`,`modified`) values (79,2177224,'OPP-12235','CE RENNES - sam 14 dec 15h à 17h - Musik hall saint jacques de la lande',4,'1216.00',NULL,36489,255251,'70.00','suite rencontre au salon des ce de rennes<br />c\'est un eposant qui a besoin de 2 devis pour son client pour event du sam 14 dec de 15h à 17h pour 1300 pax<br />1 devis 1 borne<br />1 devis 2 bornes<br />tjrs avec insta + hotesse',NULL,NULL,NULL,NULL,NULL,NULL,NULL,'2019-04-30 17:32:52','2020-07-02 08:20:03');
insert  into `opportunites`(`id`,`id_in_sellsy`,`numero`,`nom`,`opportunite_statut_id`,`montant_potentiel`,`date_echeance`,`pipeline_id`,`pipeline_etape_id`,`probabilite`,`brief`,`type_client_id`,`source_lead_id`,`contact_raison_id`,`type_evenement_id`,`type_demande`,`antenne_retrait`,`antenne_retrait_secondaire`,`created`,`modified`) values (80,2177256,'OPP-12236','CE RENNES - journée des familles',4,'560.00',NULL,36489,255249,'30.00','suite rencontre au salon des ce de rennes<br />50 pax un we',NULL,NULL,NULL,NULL,NULL,NULL,NULL,'2019-04-30 17:41:35','2020-07-02 08:20:03');
insert  into `opportunites`(`id`,`id_in_sellsy`,`numero`,`nom`,`opportunite_statut_id`,`montant_potentiel`,`date_echeance`,`pipeline_id`,`pipeline_etape_id`,`probabilite`,`brief`,`type_client_id`,`source_lead_id`,`contact_raison_id`,`type_evenement_id`,`type_demande`,`antenne_retrait`,`antenne_retrait_secondaire`,`created`,`modified`) values (81,2177268,'OPP-12237','CE RENNES - soirée noel',4,'560.00',NULL,36489,255249,'30.00','noté par Emilie pendant salon ce rennes<br />pick up saint malo, pas de date',NULL,NULL,NULL,NULL,NULL,NULL,NULL,'2019-04-30 17:46:23','2020-07-02 08:20:03');
insert  into `opportunites`(`id`,`id_in_sellsy`,`numero`,`nom`,`opportunite_statut_id`,`montant_potentiel`,`date_echeance`,`pipeline_id`,`pipeline_etape_id`,`probabilite`,`brief`,`type_client_id`,`source_lead_id`,`contact_raison_id`,`type_evenement_id`,`type_demande`,`antenne_retrait`,`antenne_retrait_secondaire`,`created`,`modified`) values (82,2177283,'OPP-12238','CE RENNES - sam 11 janv - vitré',4,'560.00',NULL,36489,255249,'30.00','suite rencontre salon des ce de rennes<br />repas de fin d\'année 300 à 400 pax<br />en we autour du 11 janv sur vitré<br />en pick up',NULL,NULL,NULL,NULL,NULL,NULL,NULL,'2019-04-30 17:51:14','2020-07-02 08:20:03');
insert  into `opportunites`(`id`,`id_in_sellsy`,`numero`,`nom`,`opportunite_statut_id`,`montant_potentiel`,`date_echeance`,`pipeline_id`,`pipeline_etape_id`,`probabilite`,`brief`,`type_client_id`,`source_lead_id`,`contact_raison_id`,`type_evenement_id`,`type_demande`,`antenne_retrait`,`antenne_retrait_secondaire`,`created`,`modified`) values (83,2177299,'OPP-12239','CE RENNES - arbre de noel',4,'780.00',NULL,36489,255249,'30.00','suite rencontre salon ce rennes<br />arbre de noel pour 100 pax en fin d\'année un mercredi après midi<br />dans leurs locaux<br />avec livraison et insta',NULL,NULL,NULL,NULL,NULL,NULL,NULL,'2019-04-30 17:56:34','2020-07-02 08:20:09');
insert  into `opportunites`(`id`,`id_in_sellsy`,`numero`,`nom`,`opportunite_statut_id`,`montant_potentiel`,`date_echeance`,`pipeline_id`,`pipeline_etape_id`,`probabilite`,`brief`,`type_client_id`,`source_lead_id`,`contact_raison_id`,`type_evenement_id`,`type_demande`,`antenne_retrait`,`antenne_retrait_secondaire`,`created`,`modified`) values (84,2177314,'OPP-12240','CE RENNES - sam 14 dec - Evron',4,'560.00',NULL,36489,255249,'30.00','ce rennes<br />500 pax<br />sam 14 dec<br />avec livr en option',NULL,NULL,NULL,NULL,NULL,NULL,NULL,'2019-04-30 18:02:58','2020-07-02 08:20:09');
insert  into `opportunites`(`id`,`id_in_sellsy`,`numero`,`nom`,`opportunite_statut_id`,`montant_potentiel`,`date_echeance`,`pipeline_id`,`pipeline_etape_id`,`probabilite`,`brief`,`type_client_id`,`source_lead_id`,`contact_raison_id`,`type_evenement_id`,`type_demande`,`antenne_retrait`,`antenne_retrait_secondaire`,`created`,`modified`) values (85,2177331,'OPP-12241','CE RENNES - inuguration jeu ou ven soir en sept - rennes',4,'710.00',NULL,36489,255249,'30.00','exposant rencontré au salon ce rennes<br />pour inauguration en sept un jeu ou vend soir<br />avec insta et désinsta',NULL,NULL,NULL,NULL,NULL,NULL,NULL,'2019-04-30 18:08:45','2020-07-02 08:20:09');
insert  into `opportunites`(`id`,`id_in_sellsy`,`numero`,`nom`,`opportunite_statut_id`,`montant_potentiel`,`date_echeance`,`pipeline_id`,`pipeline_etape_id`,`probabilite`,`brief`,`type_client_id`,`source_lead_id`,`contact_raison_id`,`type_evenement_id`,`type_demande`,`antenne_retrait`,`antenne_retrait_secondaire`,`created`,`modified`) values (86,2177342,'OPP-12242','CE RENNES - sam 14 et dim 15 dec - Pacé',4,'896.00',NULL,36489,255251,'70.00','exposant rencontré au salon ce rennes<br />event les sam 14 et dim 15 dec à la salle du ponan à Pacé<br />insta la veille<br />1500 pax<br />sam comme dimanche les anim sont de 14h à 17h (spectacle, gouter...)<br />pied enfant avec offre à tiroirs',NULL,NULL,NULL,NULL,NULL,NULL,NULL,'2019-04-30 18:14:07','2020-07-02 08:20:09');
insert  into `opportunites`(`id`,`id_in_sellsy`,`numero`,`nom`,`opportunite_statut_id`,`montant_potentiel`,`date_echeance`,`pipeline_id`,`pipeline_etape_id`,`probabilite`,`brief`,`type_client_id`,`source_lead_id`,`contact_raison_id`,`type_evenement_id`,`type_demande`,`antenne_retrait`,`antenne_retrait_secondaire`,`created`,`modified`) values (87,2177363,'OPP-12243','CE RENNES - arbre de noel - dim 8 dec - Bruz',4,'560.00',NULL,36489,255249,'30.00','ce rennes<br />120 pax max<br /><br />permanence tel le vendredi',NULL,NULL,NULL,NULL,NULL,NULL,NULL,'2019-04-30 18:26:49','2020-07-02 08:20:09');
insert  into `opportunites`(`id`,`id_in_sellsy`,`numero`,`nom`,`opportunite_statut_id`,`montant_potentiel`,`date_echeance`,`pipeline_id`,`pipeline_etape_id`,`probabilite`,`brief`,`type_client_id`,`source_lead_id`,`contact_raison_id`,`type_evenement_id`,`type_demande`,`antenne_retrait`,`antenne_retrait_secondaire`,`created`,`modified`) values (88,2177376,'OPP-12244','CE RENNES - dim 24 nov',4,'560.00',NULL,36489,255249,'30.00','ce rennes<br />120 pax<br />arbre de noel',NULL,NULL,NULL,NULL,NULL,NULL,NULL,'2019-04-30 18:31:35','2020-07-02 08:20:09');
insert  into `opportunites`(`id`,`id_in_sellsy`,`numero`,`nom`,`opportunite_statut_id`,`montant_potentiel`,`date_echeance`,`pipeline_id`,`pipeline_etape_id`,`probabilite`,`brief`,`type_client_id`,`source_lead_id`,`contact_raison_id`,`type_evenement_id`,`type_demande`,`antenne_retrait`,`antenne_retrait_secondaire`,`created`,`modified`) values (89,2177387,'OPP-12245','CE RENNES - 1 sam en mars - Pleumeleuc',4,'560.00',NULL,36489,255249,'30.00','ce rennes<br />soirée en mars environ 100 pax 1 samedi vers pleumeleuc',NULL,NULL,NULL,NULL,NULL,NULL,NULL,'2019-04-30 18:37:43','2020-07-02 08:20:09');
insert  into `opportunites`(`id`,`id_in_sellsy`,`numero`,`nom`,`opportunite_statut_id`,`montant_potentiel`,`date_echeance`,`pipeline_id`,`pipeline_etape_id`,`probabilite`,`brief`,`type_client_id`,`source_lead_id`,`contact_raison_id`,`type_evenement_id`,`type_demande`,`antenne_retrait`,`antenne_retrait_secondaire`,`created`,`modified`) values (90,2179764,'OPP-12314','CE RENNES - arbre de noel - Montgermont',4,'560.00',NULL,36489,255249,'30.00','salon ce rennes<br />offre sans date',NULL,NULL,NULL,NULL,NULL,NULL,NULL,'2019-05-02 15:05:35','2020-07-02 08:20:09');
insert  into `opportunites`(`id`,`id_in_sellsy`,`numero`,`nom`,`opportunite_statut_id`,`montant_potentiel`,`date_echeance`,`pipeline_id`,`pipeline_etape_id`,`probabilite`,`brief`,`type_client_id`,`source_lead_id`,`contact_raison_id`,`type_evenement_id`,`type_demande`,`antenne_retrait`,`antenne_retrait_secondaire`,`created`,`modified`) values (91,2179803,'OPP-12316','CE RENNES - arbre de noel - sam 14 dec - Hermione Saint Brieuc',4,'560.00',NULL,36489,255249,'30.00','salon ce rennes<br />sam 14 décembre à la salle de l\'hermione<br />arbre de noel gouter',NULL,NULL,NULL,NULL,NULL,NULL,NULL,'2019-05-02 15:12:04','2020-07-02 08:20:09');
insert  into `opportunites`(`id`,`id_in_sellsy`,`numero`,`nom`,`opportunite_statut_id`,`montant_potentiel`,`date_echeance`,`pipeline_id`,`pipeline_etape_id`,`probabilite`,`brief`,`type_client_id`,`source_lead_id`,`contact_raison_id`,`type_evenement_id`,`type_demande`,`antenne_retrait`,`antenne_retrait_secondaire`,`created`,`modified`) values (92,2179830,'OPP-12317','CE RENNES - départ retraite//bbq avant été -1 vendredi midi',4,'560.00',NULL,36489,255251,'70.00','salon ce rennes<br />départ en retraite//bbq avant été<br />1 vendredi midi',NULL,NULL,NULL,NULL,NULL,NULL,NULL,'2019-05-02 15:17:09','2020-07-02 08:20:09');
insert  into `opportunites`(`id`,`id_in_sellsy`,`numero`,`nom`,`opportunite_statut_id`,`montant_potentiel`,`date_echeance`,`pipeline_id`,`pipeline_etape_id`,`probabilite`,`brief`,`type_client_id`,`source_lead_id`,`contact_raison_id`,`type_evenement_id`,`type_demande`,`antenne_retrait`,`antenne_retrait_secondaire`,`created`,`modified`) values (93,2179895,'OPP-12320','CE RENNES - arbre de noel - sam 30 nov',4,'560.00',NULL,36489,255251,'70.00','salon ce rennes<br />un samedi soir fin novembre<br />150 pax',NULL,NULL,NULL,NULL,NULL,NULL,NULL,'2019-05-02 15:28:39','2020-07-02 08:20:14');
insert  into `opportunites`(`id`,`id_in_sellsy`,`numero`,`nom`,`opportunite_statut_id`,`montant_potentiel`,`date_echeance`,`pipeline_id`,`pipeline_etape_id`,`probabilite`,`brief`,`type_client_id`,`source_lead_id`,`contact_raison_id`,`type_evenement_id`,`type_demande`,`antenne_retrait`,`antenne_retrait_secondaire`,`created`,`modified`) values (94,2180327,'OPP-12333','CE RENNES - ven ou sam janv 2020 11h à 15h',4,'710.00',NULL,36489,255249,'30.00','salon ce rennes<br />un vend ou sam en janv 2020 de 11h à 15h donc avec insta',NULL,NULL,NULL,NULL,NULL,NULL,NULL,'2019-05-02 17:16:26','2020-07-02 08:20:14');
insert  into `opportunites`(`id`,`id_in_sellsy`,`numero`,`nom`,`opportunite_statut_id`,`montant_potentiel`,`date_echeance`,`pipeline_id`,`pipeline_etape_id`,`probabilite`,`brief`,`type_client_id`,`source_lead_id`,`contact_raison_id`,`type_evenement_id`,`type_demande`,`antenne_retrait`,`antenne_retrait_secondaire`,`created`,`modified`) values (95,2180345,'OPP-12336','CE RENNES - arbre de noel',4,'560.00',NULL,36489,255249,'30.00','salon ce rennes<br />à Rieux<br />pas plus d\'infos',NULL,NULL,NULL,NULL,NULL,NULL,NULL,'2019-05-02 17:20:23','2020-07-02 08:20:14');
insert  into `opportunites`(`id`,`id_in_sellsy`,`numero`,`nom`,`opportunite_statut_id`,`montant_potentiel`,`date_echeance`,`pipeline_id`,`pipeline_etape_id`,`probabilite`,`brief`,`type_client_id`,`source_lead_id`,`contact_raison_id`,`type_evenement_id`,`type_demande`,`antenne_retrait`,`antenne_retrait_secondaire`,`created`,`modified`) values (96,2180367,'OPP-12337','CE RENNES - doirée dansante - sam en sept 2020',4,'467.00',NULL,36489,255249,'30.00','salon ce rennes<br />association<br />pour soirée dansante un samedi en sept 2020',NULL,NULL,NULL,NULL,NULL,NULL,NULL,'2019-05-02 17:25:01','2020-07-02 08:20:14');
insert  into `opportunites`(`id`,`id_in_sellsy`,`numero`,`nom`,`opportunite_statut_id`,`montant_potentiel`,`date_echeance`,`pipeline_id`,`pipeline_etape_id`,`probabilite`,`brief`,`type_client_id`,`source_lead_id`,`contact_raison_id`,`type_evenement_id`,`type_demande`,`antenne_retrait`,`antenne_retrait_secondaire`,`created`,`modified`) values (97,2180430,'OPP-12339','CE RENNES - arbre de noel',4,'560.00',NULL,36489,352494,'0.00','salon ce rennes<br />80 pax<br />Pas plus d\'infos',NULL,NULL,NULL,NULL,NULL,NULL,NULL,'2019-05-02 17:42:59','2020-07-02 08:20:14');
insert  into `opportunites`(`id`,`id_in_sellsy`,`numero`,`nom`,`opportunite_statut_id`,`montant_potentiel`,`date_echeance`,`pipeline_id`,`pipeline_etape_id`,`probabilite`,`brief`,`type_client_id`,`source_lead_id`,`contact_raison_id`,`type_evenement_id`,`type_demande`,`antenne_retrait`,`antenne_retrait_secondaire`,`created`,`modified`) values (98,2180452,'OPP-12340','CE RENNES - ven 29 nov - saint malo',4,'560.00',NULL,36489,352494,'0.00','salon ce rennes<br />event ven 29 nov a saint malo',NULL,NULL,NULL,NULL,NULL,NULL,NULL,'2019-05-02 17:47:19','2020-07-02 08:20:15');
insert  into `opportunites`(`id`,`id_in_sellsy`,`numero`,`nom`,`opportunite_statut_id`,`montant_potentiel`,`date_echeance`,`pipeline_id`,`pipeline_etape_id`,`probabilite`,`brief`,`type_client_id`,`source_lead_id`,`contact_raison_id`,`type_evenement_id`,`type_demande`,`antenne_retrait`,`antenne_retrait_secondaire`,`created`,`modified`) values (99,2180466,'OPP-12341','CE RENNES - arbre de noel',4,'560.00',NULL,36489,352494,'0.00','salon ce rennes<br />arbre de noel<br />200 salariés',NULL,NULL,NULL,NULL,NULL,NULL,NULL,'2019-05-02 17:50:46','2020-07-02 08:20:15');
insert  into `opportunites`(`id`,`id_in_sellsy`,`numero`,`nom`,`opportunite_statut_id`,`montant_potentiel`,`date_echeance`,`pipeline_id`,`pipeline_etape_id`,`probabilite`,`brief`,`type_client_id`,`source_lead_id`,`contact_raison_id`,`type_evenement_id`,`type_demande`,`antenne_retrait`,`antenne_retrait_secondaire`,`created`,`modified`) values (100,2180478,'OPP-12342','CE RENNES - arbre de noel',4,'560.00',NULL,36489,352494,'0.00','salon ce rennes<br />55 salariés mais 100 pax à l\'arbre de noel',NULL,NULL,NULL,NULL,NULL,NULL,NULL,'2019-05-02 17:54:23','2020-07-02 08:20:15');
insert  into `opportunites`(`id`,`id_in_sellsy`,`numero`,`nom`,`opportunite_statut_id`,`montant_potentiel`,`date_echeance`,`pipeline_id`,`pipeline_etape_id`,`probabilite`,`brief`,`type_client_id`,`source_lead_id`,`contact_raison_id`,`type_evenement_id`,`type_demande`,`antenne_retrait`,`antenne_retrait_secondaire`,`created`,`modified`) values (101,2180491,'OPP-12343','CE RENNES - arbre de noel sam en janv',4,'560.00',NULL,36489,352494,'0.00','salon ce rennes<br />arbe de noel un sam en janv<br />en pick up',NULL,NULL,NULL,NULL,NULL,NULL,NULL,'2019-05-02 17:57:48','2020-07-02 08:20:15');
insert  into `opportunites`(`id`,`id_in_sellsy`,`numero`,`nom`,`opportunite_statut_id`,`montant_potentiel`,`date_echeance`,`pipeline_id`,`pipeline_etape_id`,`probabilite`,`brief`,`type_client_id`,`source_lead_id`,`contact_raison_id`,`type_evenement_id`,`type_demande`,`antenne_retrait`,`antenne_retrait_secondaire`,`created`,`modified`) values (102,2188373,'OPP-12586','CE MANS - 60 ans portes ouvertes usine - sam 22 juin - Arnage',4,'900.00',NULL,36489,259097,'30.00','Appelle car sait que j\'ai eu ses collègues et que je navais plus de dispo.<br />veux location sur 2 jours les vendredi 21 juin et samedi 22 juin pour les 60 ans des portes ouvertes de l\'usine<br />livraison et insta le jeudi soir et désinsta le samedi après 17h<br />attendent 1500 personnes donc il veut quand meme une bobine en plus (facturée si utilisée)<br />offre salon donc fond vert offert<br />',NULL,NULL,NULL,NULL,NULL,NULL,NULL,'2019-05-07 15:43:28','2020-07-02 08:20:15');
insert  into `opportunites`(`id`,`id_in_sellsy`,`numero`,`nom`,`opportunite_statut_id`,`montant_potentiel`,`date_echeance`,`pipeline_id`,`pipeline_etape_id`,`probabilite`,`brief`,`type_client_id`,`source_lead_id`,`contact_raison_id`,`type_evenement_id`,`type_demande`,`antenne_retrait`,`antenne_retrait_secondaire`,`created`,`modified`) values (103,2212619,'OPP-13171','CDV - Devis pro - sam 28 sept - Hillion/Trégueux',4,'710.00',NULL,36489,259097,'30.00','Pro loca borne<br />  Lieu evt : Yllion / Trégueux<br />  Date evt : 28/09/2019<br /><a href=\"mailto:mathilde.balcon@stef.com\">mathilde.balcon@stef.com</a><br />  02.96.63.81.50<br />  ZI du moulin à vent<br />  6 rue jean monnaie<br />  22120 YFFINIAC<br />',NULL,NULL,NULL,NULL,NULL,NULL,NULL,'2019-05-20 10:34:54','2020-07-02 08:20:19');
insert  into `opportunites`(`id`,`id_in_sellsy`,`numero`,`nom`,`opportunite_statut_id`,`montant_potentiel`,`date_echeance`,`pipeline_id`,`pipeline_etape_id`,`probabilite`,`brief`,`type_client_id`,`source_lead_id`,`contact_raison_id`,`type_evenement_id`,`type_demande`,`antenne_retrait`,`antenne_retrait_secondaire`,`created`,`modified`) values (104,2397441,'OPP-16853','Foire Expo - lun 16 au dim 22 sept - Saint Brieuc',4,'1046.00',NULL,36489,259097,'30.00','Appelle Sophie (ma tante) suite borne prêtée pour mariage de Joël et Véro (oncle et tante) pour stand de Stéphane Mahé à la foire expo de Saint Brieuc où ils ont 100m2 une mini piscine, 4 spas, 2 bureaux<br />Faire 2 propos:<br />1 semaine<br />2 jours',NULL,NULL,NULL,NULL,NULL,NULL,NULL,'2019-08-28 13:54:11','2020-07-02 08:20:19');
insert  into `opportunites`(`id`,`id_in_sellsy`,`numero`,`nom`,`opportunite_statut_id`,`montant_potentiel`,`date_echeance`,`pipeline_id`,`pipeline_etape_id`,`probabilite`,`brief`,`type_client_id`,`source_lead_id`,`contact_raison_id`,`type_evenement_id`,`type_demande`,`antenne_retrait`,`antenne_retrait_secondaire`,`created`,`modified`) values (105,2443878,'OPP-17563','CE Lyon - arbres de noel - ven 13 dec + ven 23 nov - Les abrets',4,'560.00',NULL,36489,352494,'0.00','rentre ce Lyon<br />2 events:<br />arbre de noel des enfants le ven 23 nov<br />arbre de noel des adultes ven 13 dec',NULL,NULL,NULL,NULL,NULL,NULL,NULL,'2019-09-14 08:09:47','2020-07-02 08:20:20');
insert  into `opportunites`(`id`,`id_in_sellsy`,`numero`,`nom`,`opportunite_statut_id`,`montant_potentiel`,`date_echeance`,`pipeline_id`,`pipeline_etape_id`,`probabilite`,`brief`,`type_client_id`,`source_lead_id`,`contact_raison_id`,`type_evenement_id`,`type_demande`,`antenne_retrait`,`antenne_retrait_secondaire`,`created`,`modified`) values (106,2443881,'OPP-17564','CE Lyon - arbre de noel - fin d\'année',4,'560.00',NULL,36489,352494,'0.00','suite rencontre salon des ce Lyon<br />60 pax + conjoints + enfants<br />pas de date en fin d\'année',NULL,NULL,NULL,NULL,NULL,NULL,NULL,'2019-09-14 08:23:12','2020-07-02 08:20:20');
insert  into `opportunites`(`id`,`id_in_sellsy`,`numero`,`nom`,`opportunite_statut_id`,`montant_potentiel`,`date_echeance`,`pipeline_id`,`pipeline_etape_id`,`probabilite`,`brief`,`type_client_id`,`source_lead_id`,`contact_raison_id`,`type_evenement_id`,`type_demande`,`antenne_retrait`,`antenne_retrait_secondaire`,`created`,`modified`) values (107,2443885,'OPP-17565','CE Lyon - ven 27 sept - Meyzieu',4,'560.00',NULL,36489,352494,'0.00','suite rencontre salon ce lyon<br />pour un event le 27 sept en pick up',NULL,NULL,NULL,NULL,NULL,NULL,NULL,'2019-09-14 08:31:07','2020-07-02 08:20:20');
insert  into `opportunites`(`id`,`id_in_sellsy`,`numero`,`nom`,`opportunite_statut_id`,`montant_potentiel`,`date_echeance`,`pipeline_id`,`pipeline_etape_id`,`probabilite`,`brief`,`type_client_id`,`source_lead_id`,`contact_raison_id`,`type_evenement_id`,`type_demande`,`antenne_retrait`,`antenne_retrait_secondaire`,`created`,`modified`) values (108,2443887,'OPP-17566','CE Lyon - 1 sam fin nov, début dec - Lyon',4,'560.00',NULL,36489,352494,'0.00','suite rencontre salon des ce de lyon<br />event 1 sam fin nov/début dec à Lyon en Pick up pour quelques heures',NULL,NULL,NULL,NULL,NULL,NULL,NULL,'2019-09-14 08:38:06','2020-07-02 08:20:20');
insert  into `opportunites`(`id`,`id_in_sellsy`,`numero`,`nom`,`opportunite_statut_id`,`montant_potentiel`,`date_echeance`,`pipeline_id`,`pipeline_etape_id`,`probabilite`,`brief`,`type_client_id`,`source_lead_id`,`contact_raison_id`,`type_evenement_id`,`type_demande`,`antenne_retrait`,`antenne_retrait_secondaire`,`created`,`modified`) values (109,2443890,'OPP-17567','CE Lyon - event fin d\'année - Bourg en Bresse',4,'560.00',NULL,36489,352494,'0.00','suite rencontre salon des CE de Lyon<br />pas de date <br />event de fin d\'année à Bourg en Bresse',NULL,NULL,NULL,NULL,NULL,NULL,NULL,'2019-09-14 08:49:50','2020-07-02 08:20:20');
insert  into `opportunites`(`id`,`id_in_sellsy`,`numero`,`nom`,`opportunite_statut_id`,`montant_potentiel`,`date_echeance`,`pipeline_id`,`pipeline_etape_id`,`probabilite`,`brief`,`type_client_id`,`source_lead_id`,`contact_raison_id`,`type_evenement_id`,`type_demande`,`antenne_retrait`,`antenne_retrait_secondaire`,`created`,`modified`) values (110,2443897,'OPP-17568','CE Lyon - event 1 jour en we - Thyez',4,'560.00',NULL,36489,259097,'30.00','suite rencontre salon des Ce de Lyon<br />event pendant 1 we en haute savoie',NULL,NULL,NULL,NULL,NULL,NULL,NULL,'2019-09-14 09:00:59','2020-07-02 08:20:20');
insert  into `opportunites`(`id`,`id_in_sellsy`,`numero`,`nom`,`opportunite_statut_id`,`montant_potentiel`,`date_echeance`,`pipeline_id`,`pipeline_etape_id`,`probabilite`,`brief`,`type_client_id`,`source_lead_id`,`contact_raison_id`,`type_evenement_id`,`type_demande`,`antenne_retrait`,`antenne_retrait_secondaire`,`created`,`modified`) values (111,2443901,'OPP-17569','CE Lyon - pro pour event dans vgnoble - antenne Salaise',4,'755.00',NULL,36489,352494,'0.00','exposant rencontré au salon de Lyon<br />fait des séminaires régulièrement pour des clients et souhaite proposer la borne dans son offre.<br />j\'ai parlé de la loc fi mais ne souhaite pas investir, uniquement one shot (proche antenne de salaise)',NULL,NULL,NULL,NULL,NULL,NULL,NULL,'2019-09-14 09:12:44','2020-07-02 08:20:20');
insert  into `opportunites`(`id`,`id_in_sellsy`,`numero`,`nom`,`opportunite_statut_id`,`montant_potentiel`,`date_echeance`,`pipeline_id`,`pipeline_etape_id`,`probabilite`,`brief`,`type_client_id`,`source_lead_id`,`contact_raison_id`,`type_evenement_id`,`type_demande`,`antenne_retrait`,`antenne_retrait_secondaire`,`created`,`modified`) values (112,2443907,'OPP-17570','CE Lyon - arbre de noel - Villeurbanne',4,'560.00',NULL,36489,352494,'0.00','suite rencontre salon des ce de Lyon<br />event fin d\'année<br />pick up en option',NULL,NULL,NULL,NULL,NULL,NULL,NULL,'2019-09-14 09:19:49','2020-07-02 08:20:20');
insert  into `opportunites`(`id`,`id_in_sellsy`,`numero`,`nom`,`opportunite_statut_id`,`montant_potentiel`,`date_echeance`,`pipeline_id`,`pipeline_etape_id`,`probabilite`,`brief`,`type_client_id`,`source_lead_id`,`contact_raison_id`,`type_evenement_id`,`type_demande`,`antenne_retrait`,`antenne_retrait_secondaire`,`created`,`modified`) values (113,2443909,'OPP-17571','CE Lyon - arbre de noel - dim 8 dec - Grenoble',4,'560.00',NULL,36489,352494,'0.00','suite rencontre salon ce lyon<br />event le dim 8 dec de 14h à 19h <br />300 pax<br />limit impression<br />en pick up',NULL,NULL,NULL,NULL,NULL,NULL,NULL,'2019-09-14 09:25:52','2020-07-02 08:20:25');
insert  into `opportunites`(`id`,`id_in_sellsy`,`numero`,`nom`,`opportunite_statut_id`,`montant_potentiel`,`date_echeance`,`pipeline_id`,`pipeline_etape_id`,`probabilite`,`brief`,`type_client_id`,`source_lead_id`,`contact_raison_id`,`type_evenement_id`,`type_demande`,`antenne_retrait`,`antenne_retrait_secondaire`,`created`,`modified`) values (114,2443912,'OPP-17572','CE Lyon - pas de date - Caluire et Cuire',4,'560.00',NULL,36489,352494,'0.00','suite rencontre salon ce lyon.<br />pas de date en particulier mais pour event d\'entreprise fin d\'année',NULL,NULL,NULL,NULL,NULL,NULL,NULL,'2019-09-14 09:32:36','2020-07-02 08:20:25');
insert  into `opportunites`(`id`,`id_in_sellsy`,`numero`,`nom`,`opportunite_statut_id`,`montant_potentiel`,`date_echeance`,`pipeline_id`,`pipeline_etape_id`,`probabilite`,`brief`,`type_client_id`,`source_lead_id`,`contact_raison_id`,`type_evenement_id`,`type_demande`,`antenne_retrait`,`antenne_retrait_secondaire`,`created`,`modified`) values (115,2464013,'OPP-17901','Salon Nantes - arbre de noel',4,'560.00',NULL,36489,352494,'0.00','2959kon1KONITYSLecteur de badge mobileSalonsCE Nantes2019-09-19 2019-09-20KUHN AUDUREAURUE DE LA QUANQUESE85260LA COPECHANIERE25141470012ANon200-299Guy AMIAUDguy.amiaud@numericable.fr19/09/201910:00AMIAUDDELEGUE DU PERSONNELGuy612A192437982731390KUHN AUDUREAU<br /><br />',NULL,NULL,NULL,NULL,NULL,NULL,NULL,'2019-09-22 09:27:56','2020-07-02 08:20:25');
insert  into `opportunites`(`id`,`id_in_sellsy`,`numero`,`nom`,`opportunite_statut_id`,`montant_potentiel`,`date_echeance`,`pipeline_id`,`pipeline_etape_id`,`probabilite`,`brief`,`type_client_id`,`source_lead_id`,`contact_raison_id`,`type_evenement_id`,`type_demande`,`antenne_retrait`,`antenne_retrait_secondaire`,`created`,`modified`) values (116,2464015,'OPP-17902','Salon Nantes - arbre de noel',4,'560.00',NULL,36489,352494,'0.00','2959kon1KONITYSLecteur de badge mobileSalonsCE Nantes2019-09-19 2019-09-20DELPIERRE11 13 R ST EXUPERYD2 A NANTES ATLANTIQUE44860ST AIGNAN GRANDLIEU240135586Comité d\'établissementNonchristelle.poirier@delpierre.euaoût-70180Emmanuel VERSCHELLEpeggy.kany@labeyrie-fine-foods.com19/09/201910:36VERSCHELLEELU CEEmmanuel4131940041847970DELPIERRE<br />',NULL,NULL,NULL,NULL,NULL,NULL,NULL,'2019-09-22 09:33:21','2020-07-02 08:20:25');
insert  into `opportunites`(`id`,`id_in_sellsy`,`numero`,`nom`,`opportunite_statut_id`,`montant_potentiel`,`date_echeance`,`pipeline_id`,`pipeline_etape_id`,`probabilite`,`brief`,`type_client_id`,`source_lead_id`,`contact_raison_id`,`type_evenement_id`,`type_demande`,`antenne_retrait`,`antenne_retrait_secondaire`,`created`,`modified`) values (117,2464016,'OPP-17903','Salon Nantes - arbre de noel',4,'560.00',NULL,36489,352494,'0.00','2959kon1KONITYSLecteur de badge mobileSalonsCE Nantes2019-09-19 2019-09-20CSE SATYS10 RUE SADI CARNOT85600BOUFFERE25109253312ANonce.smtc@satys.com200-299Cynthia GUITTONNEAUce.smtc@satys.com19/09/201910:44GUITTONNEAUSECRETAIRE CHSCTCynthia912A192610382737670CSE SATYS<br />',NULL,NULL,NULL,NULL,NULL,NULL,NULL,'2019-09-22 09:36:28','2020-07-02 08:20:25');
insert  into `opportunites`(`id`,`id_in_sellsy`,`numero`,`nom`,`opportunite_statut_id`,`montant_potentiel`,`date_echeance`,`pipeline_id`,`pipeline_etape_id`,`probabilite`,`brief`,`type_client_id`,`source_lead_id`,`contact_raison_id`,`type_evenement_id`,`type_demande`,`antenne_retrait`,`antenne_retrait_secondaire`,`created`,`modified`) values (118,2464020,'OPP-17904','Salon Nantes - jeu 19 dec- Boussay',4,'560.00',NULL,36489,352494,'0.00','2959kon1KONITYSLecteur de badge mobileSalonsCE Nantes2019-09-19 2019-09-20CERDYSRU FLORE44190BOUSSAY240068165CEOuice@cerdys.fraoût-70250Fabien ALLAINce@cerdys.fr19/09/201910:50ALLAINSECRETAIREFabien11214998557922363240068165CERDYSDate 19 décembre <br />',NULL,NULL,NULL,NULL,NULL,NULL,NULL,'2019-09-22 09:41:45','2020-07-02 08:20:25');
insert  into `opportunites`(`id`,`id_in_sellsy`,`numero`,`nom`,`opportunite_statut_id`,`montant_potentiel`,`date_echeance`,`pipeline_id`,`pipeline_etape_id`,`probabilite`,`brief`,`type_client_id`,`source_lead_id`,`contact_raison_id`,`type_evenement_id`,`type_demande`,`antenne_retrait`,`antenne_retrait_secondaire`,`created`,`modified`) values (119,2464022,'OPP-17905','Salon Nantes - arbre de noel',4,'560.00',NULL,36489,352494,'0.00','2959kon1KONITYSLecteur de badge mobileSalonsCE Nantes2019-09-19 2019-09-20LEROY MERLINZONZ ACI SUD85000LA ROCHE SUR YON251080210CCENonsylvain.quesnel@leroymerlin.fr100-199Virginie GABRIEAUvirginie.gabrieau@leroymerlin.fr19/09/201911:01GABRIEAUTRESORIER ADJOINTVirginie3A11190735382674170LEROY MERLIN<br />',NULL,NULL,NULL,NULL,NULL,NULL,NULL,'2019-09-22 09:46:07','2020-07-02 08:20:25');
insert  into `opportunites`(`id`,`id_in_sellsy`,`numero`,`nom`,`opportunite_statut_id`,`montant_potentiel`,`date_echeance`,`pipeline_id`,`pipeline_etape_id`,`probabilite`,`brief`,`type_client_id`,`source_lead_id`,`contact_raison_id`,`type_evenement_id`,`type_demande`,`antenne_retrait`,`antenne_retrait_secondaire`,`created`,`modified`) values (120,2464023,'OPP-17906','Salon Nantes - arbre de noel',4,'560.00',NULL,36489,352494,'0.00','2959kon1KONITYSLecteur de badge mobileSalonsCE Nantes2019-09-19 2019-09-20DELTA COMPOSANTS1 AV PIERRE GILLES DE GENNESPA LES AJEUXBP 8072403LA FERTE BERNARD CEDEX243716508CENonce.dc@dic.fraoût-70120Virginie LAVIEcse@dic.fr19/09/201911:10LAVIEELU CEVirginie41219357211753769263929DELTA COMPOSANTS<br />',NULL,NULL,NULL,NULL,NULL,NULL,NULL,'2019-09-22 09:49:54','2020-07-02 08:20:25');
insert  into `opportunites`(`id`,`id_in_sellsy`,`numero`,`nom`,`opportunite_statut_id`,`montant_potentiel`,`date_echeance`,`pipeline_id`,`pipeline_etape_id`,`probabilite`,`brief`,`type_client_id`,`source_lead_id`,`contact_raison_id`,`type_evenement_id`,`type_demande`,`antenne_retrait`,`antenne_retrait_secondaire`,`created`,`modified`) values (121,2464026,'OPP-17907','Salon Nantes - arbre de noel',4,'560.00',NULL,36489,352494,'0.00','CSE MICHELIN16 RUE TOUTLEMONDE49300CHOLET241585506cemichelin49@gmail.comMyriam PAVAGEAUcemichelin49@gmail.comPAVAGEAUSALARIE DU CEMyriam0<br />',NULL,NULL,NULL,NULL,NULL,NULL,NULL,'2019-09-22 09:55:24','2020-07-02 08:20:25');
insert  into `opportunites`(`id`,`id_in_sellsy`,`numero`,`nom`,`opportunite_statut_id`,`montant_potentiel`,`date_echeance`,`pipeline_id`,`pipeline_etape_id`,`probabilite`,`brief`,`type_client_id`,`source_lead_id`,`contact_raison_id`,`type_evenement_id`,`type_demande`,`antenne_retrait`,`antenne_retrait_secondaire`,`created`,`modified`) values (122,2464027,'OPP-17908','Salon Nantes - arbre de noel',4,'560.00',NULL,36489,352494,'0.00','CUMMINS FILTRATIONRTE DE ROSPORDENZONE INDUSTRIELLE DU GRAND GUELEN29556QUIMPER CEDEX 9298764927cumminsce@gmail.comDavid PICOcumminsce@gmail.comPICOTRESORIERDavid<br />',NULL,NULL,NULL,NULL,NULL,NULL,NULL,'2019-09-22 09:58:12','2020-07-02 08:20:25');
insert  into `opportunites`(`id`,`id_in_sellsy`,`numero`,`nom`,`opportunite_statut_id`,`montant_potentiel`,`date_echeance`,`pipeline_id`,`pipeline_etape_id`,`probabilite`,`brief`,`type_client_id`,`source_lead_id`,`contact_raison_id`,`type_evenement_id`,`type_demande`,`antenne_retrait`,`antenne_retrait_secondaire`,`created`,`modified`) values (123,2464031,'OPP-17909','Salon Nantes - arbre de noel',4,'560.00',NULL,36489,352494,'0.00','CALICEO14CHEMIN DU VIGNEAU44800SAINT HERBLAIN0Laura PORAScom-nantes@caliceo.comPORASELU CELaura0<br />',NULL,NULL,NULL,NULL,NULL,NULL,NULL,'2019-09-22 10:02:54','2020-07-02 08:20:30');
insert  into `opportunites`(`id`,`id_in_sellsy`,`numero`,`nom`,`opportunite_statut_id`,`montant_potentiel`,`date_echeance`,`pipeline_id`,`pipeline_etape_id`,`probabilite`,`brief`,`type_client_id`,`source_lead_id`,`contact_raison_id`,`type_evenement_id`,`type_demande`,`antenne_retrait`,`antenne_retrait_secondaire`,`created`,`modified`) values (124,2464033,'OPP-17910','Salon nantes - arbre de noel',4,'560.00',NULL,36489,352494,'0.00','CFSA27 RTE CLAIRE FONTAINELD CLAIREFONTAINE44450LA CHAPELLE BASSE MERce@cfsa.frChristophe DESBOISpatantier49@gmail.comDESBOISELU CEChristophe0<br />',NULL,NULL,NULL,NULL,NULL,NULL,NULL,'2019-09-22 10:04:53','2020-07-02 08:20:30');
insert  into `opportunites`(`id`,`id_in_sellsy`,`numero`,`nom`,`opportunite_statut_id`,`montant_potentiel`,`date_echeance`,`pipeline_id`,`pipeline_etape_id`,`probabilite`,`brief`,`type_client_id`,`source_lead_id`,`contact_raison_id`,`type_evenement_id`,`type_demande`,`antenne_retrait`,`antenne_retrait_secondaire`,`created`,`modified`) values (125,2464037,'OPP-17911','Salon nantes - arbe de noel',4,'560.00',NULL,36489,352494,'0.00','ALC 44HÔTEL DU DÉPARTEMENT 3 QUAI CEINERAY / CS 9410944041NANTES CEDEX 1240991213laurence.leroy@loire-atlantique.frLaurence LEROYlaurence.leroy@loire-atlantique.frLEROYSALARIE DU CELaurence0A fait une demande partenariat également mais jamais eu de réponse... Si Bertrand peut aussi la rappeler....<br />',NULL,NULL,NULL,NULL,NULL,NULL,NULL,'2019-09-22 10:09:12','2020-07-02 08:20:30');
insert  into `opportunites`(`id`,`id_in_sellsy`,`numero`,`nom`,`opportunite_statut_id`,`montant_potentiel`,`date_echeance`,`pipeline_id`,`pipeline_etape_id`,`probabilite`,`brief`,`type_client_id`,`source_lead_id`,`contact_raison_id`,`type_evenement_id`,`type_demande`,`antenne_retrait`,`antenne_retrait_secondaire`,`created`,`modified`) values (126,2464042,'OPP-17912','Salon nantes - arbre de noel',4,'560.00',NULL,36489,352494,'0.00','HERTZRUE CORNULIER44000NANTES240357800Anne-Laure FOUCHERanne-laure.foucher@orange.frFOUCHERELU CEAnne-Laure240357800<br />',NULL,NULL,NULL,NULL,NULL,NULL,NULL,'2019-09-22 10:12:11','2020-07-02 08:20:30');
insert  into `opportunites`(`id`,`id_in_sellsy`,`numero`,`nom`,`opportunite_statut_id`,`montant_potentiel`,`date_echeance`,`pipeline_id`,`pipeline_etape_id`,`probabilite`,`brief`,`type_client_id`,`source_lead_id`,`contact_raison_id`,`type_evenement_id`,`type_demande`,`antenne_retrait`,`antenne_retrait_secondaire`,`created`,`modified`) values (127,2464043,'OPP-17913','SAlon nantes - arbre de noel',4,'560.00',NULL,36489,352494,'0.00','MYSCRIPT2 ALLEE DES VIEUX TILLEULSCP80104CP9010444339NANTES CEDEX 3228014916cedp@myscript.comAnne-Sophie PEDRONas.pedron@myscript.comPEDRONSECRETAIRE ADJOINTAnne-Sophie<br />',NULL,NULL,NULL,NULL,NULL,NULL,NULL,'2019-09-22 10:14:05','2020-07-02 08:20:30');
insert  into `opportunites`(`id`,`id_in_sellsy`,`numero`,`nom`,`opportunite_statut_id`,`montant_potentiel`,`date_echeance`,`pipeline_id`,`pipeline_etape_id`,`probabilite`,`brief`,`type_client_id`,`source_lead_id`,`contact_raison_id`,`type_evenement_id`,`type_demande`,`antenne_retrait`,`antenne_retrait_secondaire`,`created`,`modified`) values (128,2464044,'OPP-17914','Salon Nantes - arbre de noel',4,'560.00',NULL,36489,352494,'0.00','CSEZI DU VAL DE SEVRE85700SEVREMONT251928801ce-delpeyrat@orange.frStephanie RABUSSEAUce-delpeyrat@orange.frRABUSSEAUTRESORIER ADJOINTStephanie685650491<br />',NULL,NULL,NULL,NULL,NULL,NULL,NULL,'2019-09-22 10:16:25','2020-07-02 08:20:30');
insert  into `opportunites`(`id`,`id_in_sellsy`,`numero`,`nom`,`opportunite_statut_id`,`montant_potentiel`,`date_echeance`,`pipeline_id`,`pipeline_etape_id`,`probabilite`,`brief`,`type_client_id`,`source_lead_id`,`contact_raison_id`,`type_evenement_id`,`type_demande`,`antenne_retrait`,`antenne_retrait_secondaire`,`created`,`modified`) values (129,2464047,'OPP-17917','Salon Nantes - sam 30 nov - Saint-Pierre-des-Échaubrognes',4,'560.00',NULL,36489,352494,'0.00','GLASSVERZI DU VIVIER79700ST PIERRE DES ECHAUBROGNES549749221ceglassver@hotmail.frCaroline RETAILLEAUceglassver@hotmail.frRETAILLEAUSECRETAIRE ADJOINTCaroline549821515Date event 30 novembre <br />',NULL,NULL,NULL,NULL,NULL,NULL,NULL,'2019-09-22 10:19:27','2020-07-02 08:20:30');
insert  into `opportunites`(`id`,`id_in_sellsy`,`numero`,`nom`,`opportunite_statut_id`,`montant_potentiel`,`date_echeance`,`pipeline_id`,`pipeline_etape_id`,`probabilite`,`brief`,`type_client_id`,`source_lead_id`,`contact_raison_id`,`type_evenement_id`,`type_demande`,`antenne_retrait`,`antenne_retrait_secondaire`,`created`,`modified`) values (130,2464050,'OPP-17918','Salon NAntes - arbre de noel',4,'560.00',NULL,36489,352494,'0.00','ANMIMPASSE DE LA MANUFACTURE44190SAINT HILAIRE DE CLISSON620670955ce@anm44.frLaurène MERCEREAU-LE-ROUXce@anm44.frMERCEREAU-LE-ROUXELU CELaurène240540417<br />',NULL,NULL,NULL,NULL,NULL,NULL,NULL,'2019-09-22 10:21:56','2020-07-02 08:20:31');
insert  into `opportunites`(`id`,`id_in_sellsy`,`numero`,`nom`,`opportunite_statut_id`,`montant_potentiel`,`date_echeance`,`pipeline_id`,`pipeline_etape_id`,`probabilite`,`brief`,`type_client_id`,`source_lead_id`,`contact_raison_id`,`type_evenement_id`,`type_demande`,`antenne_retrait`,`antenne_retrait_secondaire`,`created`,`modified`) values (131,2464052,'OPP-17919','Salon Nantes - arbre de noel',4,'560.00',NULL,36489,352494,'0.00','SERVICE DES RETRAITES DE L ETAT10 BD GASTON DOUMERGUE44000NANTES240088220Sylvie RICHARDsylvie.richard2@dgfip.finances.gouv.frRICHARDSALARIE EN CHARGE DES ACTIONS SOCIALESSylvie662759632<br />',NULL,NULL,NULL,NULL,NULL,NULL,NULL,'2019-09-22 10:24:02','2020-07-02 08:20:31');
insert  into `opportunites`(`id`,`id_in_sellsy`,`numero`,`nom`,`opportunite_statut_id`,`montant_potentiel`,`date_echeance`,`pipeline_id`,`pipeline_etape_id`,`probabilite`,`brief`,`type_client_id`,`source_lead_id`,`contact_raison_id`,`type_evenement_id`,`type_demande`,`antenne_retrait`,`antenne_retrait_secondaire`,`created`,`modified`) values (132,2464053,'OPP-17920','Salon Nantes - arbre de noel',4,'560.00',NULL,36489,352494,'0.00','ATLANTIQUE HABITATIONSALLEE JEAN RAULO44800SAINT HERBLAIN251111148Camille CHEVAUCHERcchevaucher@atlantique-habitations.frCHEVAUCHERELU CECamille613622451<br />',NULL,NULL,NULL,NULL,NULL,NULL,NULL,'2019-09-22 10:26:18','2020-07-02 08:20:31');
insert  into `opportunites`(`id`,`id_in_sellsy`,`numero`,`nom`,`opportunite_statut_id`,`montant_potentiel`,`date_echeance`,`pipeline_id`,`pipeline_etape_id`,`probabilite`,`brief`,`type_client_id`,`source_lead_id`,`contact_raison_id`,`type_evenement_id`,`type_demande`,`antenne_retrait`,`antenne_retrait_secondaire`,`created`,`modified`) values (133,2464054,'OPP-17921','Salon Nantes - arbre de noel',4,'560.00',NULL,36489,352494,'0.00','FARMEA10 RUE BOUCHÉ THOMAS49007ANGERS241447474ace.farmea@fareva.comEmilie LAMOUREUXelamoureux.farmea@fareva.comLAMOUREUXELU CEEmilie611795402<br />',NULL,NULL,NULL,NULL,NULL,NULL,NULL,'2019-09-22 10:28:03','2020-07-02 08:20:35');
insert  into `opportunites`(`id`,`id_in_sellsy`,`numero`,`nom`,`opportunite_statut_id`,`montant_potentiel`,`date_echeance`,`pipeline_id`,`pipeline_etape_id`,`probabilite`,`brief`,`type_client_id`,`source_lead_id`,`contact_raison_id`,`type_evenement_id`,`type_demande`,`antenne_retrait`,`antenne_retrait_secondaire`,`created`,`modified`) values (134,2464055,'OPP-17922','Salon NAntes - arbre de noel',4,'560.00',NULL,36489,352494,'0.00','NANTES METROPOLE HABITAT26 PL ROSA PARKSBP 8361844000NANTES CEDEX 1251863747comite.entreprise@nmh.frBruno NEVES-DE-OLIVEIRAbruno.neves@nmh.frNEVES-DE-OLIVEIRAMEMBRE COMISSION LOISIRS/VOYAGEBruno240670728<br />',NULL,NULL,NULL,NULL,NULL,NULL,NULL,'2019-09-22 10:29:56','2020-07-02 08:20:35');
insert  into `opportunites`(`id`,`id_in_sellsy`,`numero`,`nom`,`opportunite_statut_id`,`montant_potentiel`,`date_echeance`,`pipeline_id`,`pipeline_etape_id`,`probabilite`,`brief`,`type_client_id`,`source_lead_id`,`contact_raison_id`,`type_evenement_id`,`type_demande`,`antenne_retrait`,`antenne_retrait_secondaire`,`created`,`modified`) values (135,2464268,'OPP-17936','Salon Nantes',4,'560.00',NULL,36489,352494,'0.00','CSE EVOLIS14 AVENUE DE LA FONTAINE49070BEAUCOUZE241367606cse@evolis.com300-499Lydia ASSELINEAUcse@evolis.comSECRETAIRE0<br />',NULL,NULL,NULL,NULL,NULL,NULL,NULL,'2019-09-22 15:58:23','2020-07-02 08:20:35');
insert  into `opportunites`(`id`,`id_in_sellsy`,`numero`,`nom`,`opportunite_statut_id`,`montant_potentiel`,`date_echeance`,`pipeline_id`,`pipeline_etape_id`,`probabilite`,`brief`,`type_client_id`,`source_lead_id`,`contact_raison_id`,`type_evenement_id`,`type_demande`,`antenne_retrait`,`antenne_retrait_secondaire`,`created`,`modified`) values (136,2464271,'OPP-17937','Salon Nantes',4,'560.00',NULL,36489,352494,'0.00','ORVIA COUVOIRS SEVRE MAINE17 RUE DE LA PETITE ROCHE79140LE PIN549810247cseorviasevremaine@gmail.com100-199Christophe GRELLIERgrellier.christophe@free.frELU CE682816722<br />',NULL,NULL,NULL,NULL,NULL,NULL,NULL,'2019-09-22 16:00:34','2020-07-02 08:20:35');
insert  into `opportunites`(`id`,`id_in_sellsy`,`numero`,`nom`,`opportunite_statut_id`,`montant_potentiel`,`date_echeance`,`pipeline_id`,`pipeline_etape_id`,`probabilite`,`brief`,`type_client_id`,`source_lead_id`,`contact_raison_id`,`type_evenement_id`,`type_demande`,`antenne_retrait`,`antenne_retrait_secondaire`,`created`,`modified`) values (137,2464272,'OPP-17938','Salon Nantes',4,'560.00',NULL,36489,352494,'0.00','OLIVIER FRERESLA BONODIERE44115HAUTE GOULAINE240349584ce.ge.olivier@hmail.com100Corrine MERCIERcorrinemerciermdl@hotmail.frSECRETAIRE0<br />',NULL,NULL,NULL,NULL,NULL,NULL,NULL,'2019-09-22 16:02:41','2020-07-02 08:20:35');
insert  into `opportunites`(`id`,`id_in_sellsy`,`numero`,`nom`,`opportunite_statut_id`,`montant_potentiel`,`date_echeance`,`pipeline_id`,`pipeline_etape_id`,`probabilite`,`brief`,`type_client_id`,`source_lead_id`,`contact_raison_id`,`type_evenement_id`,`type_demande`,`antenne_retrait`,`antenne_retrait_secondaire`,`created`,`modified`) values (138,2464275,'OPP-17939','Salon Nantes',4,'560.00',NULL,36489,352494,'0.00','U LOGISTIQUE55 RUE DES EPHEMERES44850LIGNE677962912200-299Jimmy CHEUXcheux.jimmy@neuf.frELU CE0<br />',NULL,NULL,NULL,NULL,NULL,NULL,NULL,'2019-09-22 16:05:44','2020-07-02 08:20:36');
insert  into `opportunites`(`id`,`id_in_sellsy`,`numero`,`nom`,`opportunite_statut_id`,`montant_potentiel`,`date_echeance`,`pipeline_id`,`pipeline_etape_id`,`probabilite`,`brief`,`type_client_id`,`source_lead_id`,`contact_raison_id`,`type_evenement_id`,`type_demande`,`antenne_retrait`,`antenne_retrait_secondaire`,`created`,`modified`) values (139,2464277,'OPP-17940','Salon Nantes',4,'560.00',NULL,36489,352494,'0.00','RESIDENCE DU PLOREAU2 R EMILIE LAUNAY44240LA CHAPELLE SUR ERDRE240720010dup.ploreau@orange.fr70Françoise GRETEAUdup.ploreau@orange.frDELEGUE DU PERSONNEL<br />',NULL,NULL,NULL,NULL,NULL,NULL,NULL,'2019-09-22 16:07:35','2020-07-02 08:20:36');
insert  into `opportunites`(`id`,`id_in_sellsy`,`numero`,`nom`,`opportunite_statut_id`,`montant_potentiel`,`date_echeance`,`pipeline_id`,`pipeline_etape_id`,`probabilite`,`brief`,`type_client_id`,`source_lead_id`,`contact_raison_id`,`type_evenement_id`,`type_demande`,`antenne_retrait`,`antenne_retrait_secondaire`,`created`,`modified`) values (140,2464279,'OPP-17941','Salon Nantes',4,'560.00',NULL,36489,352494,'0.00','TRANSPORTS RAUDZA DU PARC49280ST CHRISTOPHE DU BOIS241562424cse@raud.fr300-499Nicolas GACHOTnicolas.gachot@raud.frSECRETAIRE608229749<br />',NULL,NULL,NULL,NULL,NULL,NULL,NULL,'2019-09-22 16:09:25','2020-07-02 08:20:36');
insert  into `opportunites`(`id`,`id_in_sellsy`,`numero`,`nom`,`opportunite_statut_id`,`montant_potentiel`,`date_echeance`,`pipeline_id`,`pipeline_etape_id`,`probabilite`,`brief`,`type_client_id`,`source_lead_id`,`contact_raison_id`,`type_evenement_id`,`type_demande`,`antenne_retrait`,`antenne_retrait_secondaire`,`created`,`modified`) values (141,2464281,'OPP-17942','Salon Nantes',4,'560.00',NULL,36489,259097,'30.00','HYPER UR DE LA ROCHECC PORTE DU LITTORALBP 1085190AIZENAYcsehyperuaizenay@gmail.com200Anatole PAPONcsehyperuaizenay@gmail.comTRESORIER251312312<br />',NULL,NULL,NULL,NULL,NULL,NULL,NULL,'2019-09-22 16:11:13','2020-07-02 08:20:36');
insert  into `opportunites`(`id`,`id_in_sellsy`,`numero`,`nom`,`opportunite_statut_id`,`montant_potentiel`,`date_echeance`,`pipeline_id`,`pipeline_etape_id`,`probabilite`,`brief`,`type_client_id`,`source_lead_id`,`contact_raison_id`,`type_evenement_id`,`type_demande`,`antenne_retrait`,`antenne_retrait_secondaire`,`created`,`modified`) values (142,2464282,'OPP-17943','Salon Nantes',4,'560.00',NULL,36489,352494,'0.00','ANTOINE DISTRIBUTION6 SQ NICOLAS APPERTZI DU CORNIERBP 5010549301CHOLET CEDEX241492064ce.antoine-distribution@orange.fr250Sebastien HUMAINces.antoinedistribution49@orange.frTRESORIER0<br />',NULL,NULL,NULL,NULL,NULL,NULL,NULL,'2019-09-22 16:12:52','2020-07-02 08:20:36');
insert  into `opportunites`(`id`,`id_in_sellsy`,`numero`,`nom`,`opportunite_statut_id`,`montant_potentiel`,`date_echeance`,`pipeline_id`,`pipeline_etape_id`,`probabilite`,`brief`,`type_client_id`,`source_lead_id`,`contact_raison_id`,`type_evenement_id`,`type_demande`,`antenne_retrait`,`antenne_retrait_secondaire`,`created`,`modified`) values (143,2464284,'OPP-17944','Salon Nantes',4,'560.00',NULL,36489,352494,'0.00','MEDIA 6 AGENCEMENT SHOP FITTINGS5 AV DES BERTHAUDIERES44680STE PAZANNE240026453secretaire.ce.media6asf@gmail.com72Simon PRUDHOMMEsprudhomme@ateliers-normand.comTRESORIER240027940<br />',NULL,NULL,NULL,NULL,NULL,NULL,NULL,'2019-09-22 16:14:36','2020-07-02 08:20:41');
insert  into `opportunites`(`id`,`id_in_sellsy`,`numero`,`nom`,`opportunite_statut_id`,`montant_potentiel`,`date_echeance`,`pipeline_id`,`pipeline_etape_id`,`probabilite`,`brief`,`type_client_id`,`source_lead_id`,`contact_raison_id`,`type_evenement_id`,`type_demande`,`antenne_retrait`,`antenne_retrait_secondaire`,`created`,`modified`) values (144,2464285,'OPP-17945','Salon Nantes - ven 31 janv - Rennes',4,'840.00',NULL,36489,255251,'70.00','POLYCLINIQUE ST LAURENT320 AVENUE GENERAL PATTON35000RENNES299256500300-499Sylviane PLESSISplesyl@hotmail.frELU CE0ce_stlaurent@hotmail.com<br /><br />Vendredi 31 janvier Rennes Multi impression et livraison en option<br />',NULL,NULL,NULL,NULL,NULL,NULL,NULL,'2019-09-22 16:17:25','2020-07-02 08:20:41');
insert  into `opportunites`(`id`,`id_in_sellsy`,`numero`,`nom`,`opportunite_statut_id`,`montant_potentiel`,`date_echeance`,`pipeline_id`,`pipeline_etape_id`,`probabilite`,`brief`,`type_client_id`,`source_lead_id`,`contact_raison_id`,`type_evenement_id`,`type_demande`,`antenne_retrait`,`antenne_retrait_secondaire`,`created`,`modified`) values (145,2464289,'OPP-17948','Salon NAntes',4,'560.00',NULL,36489,352494,'0.00','CSERUE ST ELOI85500LES HERBIERS251929394local_ce@ouestalu.fr300-499David BOUTlocal_ce@ouestalu.frSECRETAIRE602719043<br />',NULL,NULL,NULL,NULL,NULL,NULL,NULL,'2019-09-22 16:23:02','2020-07-02 08:20:41');
insert  into `opportunites`(`id`,`id_in_sellsy`,`numero`,`nom`,`opportunite_statut_id`,`montant_potentiel`,`date_echeance`,`pipeline_id`,`pipeline_etape_id`,`probabilite`,`brief`,`type_client_id`,`source_lead_id`,`contact_raison_id`,`type_evenement_id`,`type_demande`,`antenne_retrait`,`antenne_retrait_secondaire`,`created`,`modified`) values (146,2464290,'OPP-17949','Salon Nantes',4,'560.00',NULL,36489,352494,'0.00','ELU9 RUE DU LAUNAY44800ST HERBLAIN240469640ceten44@wanadoo.fr100-199Sandy JOLLIVETceten44@wanadoo.frSECRETAIRE ADJOINT240469640<br />',NULL,NULL,NULL,NULL,NULL,NULL,NULL,'2019-09-22 16:24:51','2020-07-02 08:20:41');
insert  into `opportunites`(`id`,`id_in_sellsy`,`numero`,`nom`,`opportunite_statut_id`,`montant_potentiel`,`date_echeance`,`pipeline_id`,`pipeline_etape_id`,`probabilite`,`brief`,`type_client_id`,`source_lead_id`,`contact_raison_id`,`type_evenement_id`,`type_demande`,`antenne_retrait`,`antenne_retrait_secondaire`,`created`,`modified`) values (147,2464291,'OPP-17950','Salon Nantes',4,'560.00',NULL,36489,352494,'0.00','ASSOCIATION KERVIHANRUE DU PRÉSIDENT POMPIDOU56580BREHAN297388251cse.kervihan@gmail.com300-499Emmanuelle LE-BOULANGERcse.kervihan@gmail.comSECRETAIRE780524850<br />',NULL,NULL,NULL,NULL,NULL,NULL,NULL,'2019-09-22 16:26:39','2020-07-02 08:20:41');
insert  into `opportunites`(`id`,`id_in_sellsy`,`numero`,`nom`,`opportunite_statut_id`,`montant_potentiel`,`date_echeance`,`pipeline_id`,`pipeline_etape_id`,`probabilite`,`brief`,`type_client_id`,`source_lead_id`,`contact_raison_id`,`type_evenement_id`,`type_demande`,`antenne_retrait`,`antenne_retrait_secondaire`,`created`,`modified`) values (148,2464294,'OPP-17951','Salon Nantes',4,'560.00',NULL,36489,352494,'0.00','MAGASIN JARDILANDZAC DE SAVINE44570TRIGNAC228017575cejardiplay2010@gmail.com75Corinne BILLAUDcejardiplay2010@gmail.comSECRETAIRE785270177<br />',NULL,NULL,NULL,NULL,NULL,NULL,NULL,'2019-09-22 16:28:28','2020-07-02 08:20:41');
insert  into `opportunites`(`id`,`id_in_sellsy`,`numero`,`nom`,`opportunite_statut_id`,`montant_potentiel`,`date_echeance`,`pipeline_id`,`pipeline_etape_id`,`probabilite`,`brief`,`type_client_id`,`source_lead_id`,`contact_raison_id`,`type_evenement_id`,`type_demande`,`antenne_retrait`,`antenne_retrait_secondaire`,`created`,`modified`) values (149,2464296,'OPP-17952','Salon Nantes',4,'560.00',NULL,36489,352494,'0.00','LES CELLULOSES DE BROCELIANDEAV GEORGES POMPIDOUZONE INDUSTRIELLE LA LANDE DU MOULINBP 7656803PLOERMEL CEDEX614835090ce@celluloses-broceliande.com192Jean Francois TROCHUce@celluloses-broceliande.comSECRETAIRE ADJOINT297742525<br />',NULL,NULL,NULL,NULL,NULL,NULL,NULL,'2019-09-22 16:30:06','2020-07-02 08:20:41');
insert  into `opportunites`(`id`,`id_in_sellsy`,`numero`,`nom`,`opportunite_statut_id`,`montant_potentiel`,`date_echeance`,`pipeline_id`,`pipeline_etape_id`,`probabilite`,`brief`,`type_client_id`,`source_lead_id`,`contact_raison_id`,`type_evenement_id`,`type_demande`,`antenne_retrait`,`antenne_retrait_secondaire`,`created`,`modified`) values (150,2464298,'OPP-17953','Salon Nantes - sam 7 dec - Nantes',4,'560.00',NULL,36489,352494,'0.00','COMITE D ENTREPRISE1 RUE CHARLES LINDBERGH44340BOUGUENAIS240748690mally@ceafnte.fr100-199Mally GOHAUDmally@ceafnte.frSALARIE DU CE240748690Air franceSam 7<br />',NULL,NULL,NULL,NULL,NULL,NULL,NULL,'2019-09-22 16:32:43','2020-07-02 08:20:41');
insert  into `opportunites`(`id`,`id_in_sellsy`,`numero`,`nom`,`opportunite_statut_id`,`montant_potentiel`,`date_echeance`,`pipeline_id`,`pipeline_etape_id`,`probabilite`,`brief`,`type_client_id`,`source_lead_id`,`contact_raison_id`,`type_evenement_id`,`type_demande`,`antenne_retrait`,`antenne_retrait_secondaire`,`created`,`modified`) values (151,2464303,'OPP-17955','Salon Nantes',4,'560.00',NULL,36489,352494,'0.00','VENDEE MECANIQUE INDUSTRIE70 R ANNE DE BRETAGNEPA MARCHES DE BRETAGNE85600ST HILAIRE DE LOULAY251454180cse.vmi@gmail.com230Laura HERSANTlhersant.cse@gmail.comTRESORIER251453535<br />',NULL,NULL,NULL,NULL,NULL,NULL,NULL,'2019-09-22 16:35:47','2020-07-02 08:20:41');
insert  into `opportunites`(`id`,`id_in_sellsy`,`numero`,`nom`,`opportunite_statut_id`,`montant_potentiel`,`date_echeance`,`pipeline_id`,`pipeline_etape_id`,`probabilite`,`brief`,`type_client_id`,`source_lead_id`,`contact_raison_id`,`type_evenement_id`,`type_demande`,`antenne_retrait`,`antenne_retrait_secondaire`,`created`,`modified`) values (152,2464305,'OPP-17956','Salon Nantes',4,'560.00',NULL,36489,352494,'0.00','AGRO9 RUE D OBERNAI49280LA TESSOUALLE0ce@l-abeille.fr100-199Audrey BARREce@l-abeille.frTRESORIER0<br />',NULL,NULL,NULL,NULL,NULL,NULL,NULL,'2019-09-22 16:37:28','2020-07-02 08:20:41');
insert  into `opportunites`(`id`,`id_in_sellsy`,`numero`,`nom`,`opportunite_statut_id`,`montant_potentiel`,`date_echeance`,`pipeline_id`,`pipeline_etape_id`,`probabilite`,`brief`,`type_client_id`,`source_lead_id`,`contact_raison_id`,`type_evenement_id`,`type_demande`,`antenne_retrait`,`antenne_retrait_secondaire`,`created`,`modified`) values (153,2464306,'OPP-17957','Salon Nantes',4,'560.00',NULL,36489,352494,'0.00','COLLEGE ET LYCEE ST STANISLAS2 RUE SAINT STANISLAS44000NANTES240201750100-199Annaïck CALLARECannaick.callarec@gmail.comELU CE662144215<br />',NULL,NULL,NULL,NULL,NULL,NULL,NULL,'2019-09-22 16:38:59','2020-07-02 08:20:46');
insert  into `opportunites`(`id`,`id_in_sellsy`,`numero`,`nom`,`opportunite_statut_id`,`montant_potentiel`,`date_echeance`,`pipeline_id`,`pipeline_etape_id`,`probabilite`,`brief`,`type_client_id`,`source_lead_id`,`contact_raison_id`,`type_evenement_id`,`type_demande`,`antenne_retrait`,`antenne_retrait_secondaire`,`created`,`modified`) values (154,2464308,'OPP-17958','Salon Nantes',4,'560.00',NULL,36489,352494,'0.00','SUEZ RV NORMANDIELA NOE DE GEIGNE72610ARCONNAY686226625ce.suezrvnormandie@gmail.com200-299Antoine FALLAISce.suezrvnormandie@gmail.comSECRETAIRE686226625<br />',NULL,NULL,NULL,NULL,NULL,NULL,NULL,'2019-09-22 16:40:31','2020-07-02 08:20:46');
insert  into `opportunites`(`id`,`id_in_sellsy`,`numero`,`nom`,`opportunite_statut_id`,`montant_potentiel`,`date_echeance`,`pipeline_id`,`pipeline_etape_id`,`probabilite`,`brief`,`type_client_id`,`source_lead_id`,`contact_raison_id`,`type_evenement_id`,`type_demande`,`antenne_retrait`,`antenne_retrait_secondaire`,`created`,`modified`) values (155,2464310,'OPP-17959','Salon NAntes',4,'560.00',NULL,36489,352494,'0.00','CSE ORTEC ENVIRONNEMENT62 QUAI EMILE CORMERAIS44800ST HERBLAIN240586806cse.ouest@ortec.fr100-199Séverine BRIANDseverine.briand@ortec.frSECRETAIRE<br />',NULL,NULL,NULL,NULL,NULL,NULL,NULL,'2019-09-22 16:42:06','2020-07-02 08:20:46');
insert  into `opportunites`(`id`,`id_in_sellsy`,`numero`,`nom`,`opportunite_statut_id`,`montant_potentiel`,`date_echeance`,`pipeline_id`,`pipeline_etape_id`,`probabilite`,`brief`,`type_client_id`,`source_lead_id`,`contact_raison_id`,`type_evenement_id`,`type_demande`,`antenne_retrait`,`antenne_retrait_secondaire`,`created`,`modified`) values (156,2464311,'OPP-17960','Salon Nantes',4,'560.00',NULL,36489,352494,'0.00','MANULATEXZA DU MILLE49123CHAMPTOCE SUR LOIRE241398498cemanulatex@hotmail.fr100-199Virginie PIPARTcemanulatex@hotmail.frELU CE0<br />',NULL,NULL,NULL,NULL,NULL,NULL,NULL,'2019-09-22 16:43:43','2020-07-02 08:20:46');
insert  into `opportunites`(`id`,`id_in_sellsy`,`numero`,`nom`,`opportunite_statut_id`,`montant_potentiel`,`date_echeance`,`pipeline_id`,`pipeline_etape_id`,`probabilite`,`brief`,`type_client_id`,`source_lead_id`,`contact_raison_id`,`type_evenement_id`,`type_demande`,`antenne_retrait`,`antenne_retrait_secondaire`,`created`,`modified`) values (157,2464314,'OPP-17961','Salon Nantes',4,'560.00',NULL,36489,352494,'0.00','SECRETAIRERUE HELENE ET VICTOR BASCH56300PONTIVY679688599sim.roz@hotmail.fr100-199Roselyne HEMONsim.roz@hotmail.frELU CE679688599<br />',NULL,NULL,NULL,NULL,NULL,NULL,NULL,'2019-09-22 16:45:59','2020-07-02 08:20:46');
insert  into `opportunites`(`id`,`id_in_sellsy`,`numero`,`nom`,`opportunite_statut_id`,`montant_potentiel`,`date_echeance`,`pipeline_id`,`pipeline_etape_id`,`probabilite`,`brief`,`type_client_id`,`source_lead_id`,`contact_raison_id`,`type_evenement_id`,`type_demande`,`antenne_retrait`,`antenne_retrait_secondaire`,`created`,`modified`) values (158,2464315,'OPP-17962','SAlon Nantes',4,'560.00',NULL,36489,352494,'0.00','FLEURY MICHONLA GAREBP 185707POUZAUGES CEDEX251663397secretaire@cefleurymichon.com3000Chantal LAIDETchantal@cefleurymichon.comSALARIE DU CE<br />',NULL,NULL,NULL,NULL,NULL,NULL,NULL,'2019-09-22 16:47:38','2020-07-02 08:20:46');
insert  into `opportunites`(`id`,`id_in_sellsy`,`numero`,`nom`,`opportunite_statut_id`,`montant_potentiel`,`date_echeance`,`pipeline_id`,`pipeline_etape_id`,`probabilite`,`brief`,`type_client_id`,`source_lead_id`,`contact_raison_id`,`type_evenement_id`,`type_demande`,`antenne_retrait`,`antenne_retrait_secondaire`,`created`,`modified`) values (159,2464318,'OPP-17963','Salon Nantes - Samedi 14 decembre - LA chapelle sur Erdre',4,'560.00',NULL,36489,255251,'70.00','COS DU SDIS 4412 RUE ARAGO44243LA CHAPELLE SUR ERDRE228098151cossdis44@gmail.com1000+Stephanie HIMBERTcossdis44@gmail.comSALARIE DU CE228098151Samedi 14 decembre<br />',NULL,NULL,NULL,NULL,NULL,NULL,NULL,'2019-09-22 16:49:38','2020-07-02 08:20:47');
insert  into `opportunites`(`id`,`id_in_sellsy`,`numero`,`nom`,`opportunite_statut_id`,`montant_potentiel`,`date_echeance`,`pipeline_id`,`pipeline_etape_id`,`probabilite`,`brief`,`type_client_id`,`source_lead_id`,`contact_raison_id`,`type_evenement_id`,`type_demande`,`antenne_retrait`,`antenne_retrait_secondaire`,`created`,`modified`) values (160,2464322,'OPP-17964','Salon Nantes',4,'560.00',NULL,36489,352494,'0.00','CE LANN EOL7 RUE DE KERANNA56400STE ANNE D AURAY983941032100-199Marie Annick LE-BARONepadlanneol@bbox.frDELEGUE DU PERSONNEL0<br />',NULL,NULL,NULL,NULL,NULL,NULL,NULL,'2019-09-22 16:52:47','2020-07-02 08:20:47');
insert  into `opportunites`(`id`,`id_in_sellsy`,`numero`,`nom`,`opportunite_statut_id`,`montant_potentiel`,`date_echeance`,`pipeline_id`,`pipeline_etape_id`,`probabilite`,`brief`,`type_client_id`,`source_lead_id`,`contact_raison_id`,`type_evenement_id`,`type_demande`,`antenne_retrait`,`antenne_retrait_secondaire`,`created`,`modified`) values (161,2464324,'OPP-17965','Salon Nantes',4,'560.00',NULL,36489,352494,'0.00','U LOG5 R BENJAMIN FRANKLIN85505LES HERBIERS CEDEX251617231cesystemeu@orange.fr230Christine CHAILLOLEAUcesystemeu@orange.frSECRETAIRE ADJOINT0<br />',NULL,NULL,NULL,NULL,NULL,NULL,NULL,'2019-09-22 16:54:52','2020-07-02 08:20:47');
insert  into `opportunites`(`id`,`id_in_sellsy`,`numero`,`nom`,`opportunite_statut_id`,`montant_potentiel`,`date_echeance`,`pipeline_id`,`pipeline_etape_id`,`probabilite`,`brief`,`type_client_id`,`source_lead_id`,`contact_raison_id`,`type_evenement_id`,`type_demande`,`antenne_retrait`,`antenne_retrait_secondaire`,`created`,`modified`) values (162,2464325,'OPP-17966','Salon Nantes',4,'560.00',NULL,36489,352494,'0.00','MECACHROME ATLANTIQUE102 RUE DU MOULIN DES LANDES44980SAINTE LUCE SUR LOIRE240957200dup.mka@gmail.com200-299Lucas SOARESlucass-33@hotmail.frDELEGUE DU PERSONNEL682697288<br />',NULL,NULL,NULL,NULL,NULL,NULL,NULL,'2019-09-22 16:56:16','2020-07-02 08:20:47');
insert  into `opportunites`(`id`,`id_in_sellsy`,`numero`,`nom`,`opportunite_statut_id`,`montant_potentiel`,`date_echeance`,`pipeline_id`,`pipeline_etape_id`,`probabilite`,`brief`,`type_client_id`,`source_lead_id`,`contact_raison_id`,`type_evenement_id`,`type_demande`,`antenne_retrait`,`antenne_retrait_secondaire`,`created`,`modified`) values (163,2464326,'OPP-17967','Salon Nantes',4,'560.00',NULL,36489,352494,'0.00','APPSN59 RUE DU GÉNÉRAL DE GAULLE44600ST NAZAIRE251761700amicale.policier.sn@gmail.com100-199Christelle BASTIENchristellebastien44@gmail.comSECRETAIRE664615321<br />',NULL,NULL,NULL,NULL,NULL,NULL,NULL,'2019-09-22 16:58:02','2020-07-02 08:20:51');
insert  into `opportunites`(`id`,`id_in_sellsy`,`numero`,`nom`,`opportunite_statut_id`,`montant_potentiel`,`date_echeance`,`pipeline_id`,`pipeline_etape_id`,`probabilite`,`brief`,`type_client_id`,`source_lead_id`,`contact_raison_id`,`type_evenement_id`,`type_demande`,`antenne_retrait`,`antenne_retrait_secondaire`,`created`,`modified`) values (164,2464327,'OPP-17968','Salon Nantes',4,'560.00',NULL,36489,352494,'0.00','ANETT2 RUE DE LA MAIRIE79100ST RADEGONDE549670190100-199Julie CAILLAUDanett.pdl.ce@anett.frDELEGUE SYNDICAL0<br />',NULL,NULL,NULL,NULL,NULL,NULL,NULL,'2019-09-22 16:59:34','2020-07-02 08:20:51');
insert  into `opportunites`(`id`,`id_in_sellsy`,`numero`,`nom`,`opportunite_statut_id`,`montant_potentiel`,`date_echeance`,`pipeline_id`,`pipeline_etape_id`,`probabilite`,`brief`,`type_client_id`,`source_lead_id`,`contact_raison_id`,`type_evenement_id`,`type_demande`,`antenne_retrait`,`antenne_retrait_secondaire`,`created`,`modified`) values (165,2464329,'OPP-17969','Salon Nantes',4,'560.00',NULL,36489,352494,'0.00','CE SOURIAURD 32372470CHAMPAGNE6615009801000+Emmanuel ROYERce.souriau@orange.frSECRETAIRE661500980<br />',NULL,NULL,NULL,NULL,NULL,NULL,NULL,'2019-09-22 17:01:09','2020-07-02 08:20:51');
insert  into `opportunites`(`id`,`id_in_sellsy`,`numero`,`nom`,`opportunite_statut_id`,`montant_potentiel`,`date_echeance`,`pipeline_id`,`pipeline_etape_id`,`probabilite`,`brief`,`type_client_id`,`source_lead_id`,`contact_raison_id`,`type_evenement_id`,`type_demande`,`antenne_retrait`,`antenne_retrait_secondaire`,`created`,`modified`) values (166,2464332,'OPP-17970','Salon Nantes',4,'560.00',NULL,36489,352494,'0.00','SIALELD LE JOLI BOISBP 1549280LA SEGUINIERE241564423cesiale49@gmail.com116Isabelle LE-BRETONcesiale49@gmail.comDELEGUE DU PERSONNEL<br />',NULL,NULL,NULL,NULL,NULL,NULL,NULL,'2019-09-22 17:02:45','2020-07-02 08:20:52');
insert  into `opportunites`(`id`,`id_in_sellsy`,`numero`,`nom`,`opportunite_statut_id`,`montant_potentiel`,`date_echeance`,`pipeline_id`,`pipeline_etape_id`,`probabilite`,`brief`,`type_client_id`,`source_lead_id`,`contact_raison_id`,`type_evenement_id`,`type_demande`,`antenne_retrait`,`antenne_retrait_secondaire`,`created`,`modified`) values (167,2464336,'OPP-17971','Salon Nantes',4,'560.00',NULL,36489,352494,'0.00','COMMUNE DE COUERON8 PL CHARLES DE GAULLE44220COUERON228258126coscoueron@gmail.com300Fabien ROBERTmaribien207@gmail.comSECRETAIRE ADJOINT<br />',NULL,NULL,NULL,NULL,NULL,NULL,NULL,'2019-09-22 17:04:17','2020-07-02 08:20:52');
insert  into `opportunites`(`id`,`id_in_sellsy`,`numero`,`nom`,`opportunite_statut_id`,`montant_potentiel`,`date_echeance`,`pipeline_id`,`pipeline_etape_id`,`probabilite`,`brief`,`type_client_id`,`source_lead_id`,`contact_raison_id`,`type_evenement_id`,`type_demande`,`antenne_retrait`,`antenne_retrait_secondaire`,`created`,`modified`) values (168,2464346,'OPP-17973','Salon Nantes - sam 7 dec - Paimboeuf (Saint Nazaire)',4,'560.00',NULL,36489,352494,'0.00','FRAMATOMERTE DE NANTESBP 302144560PAIMBOEUF240640368cecezuspb@wanadoo.fr400Jerome ELINjeje4x4@hotmail.frSECRETAIRE0Envoyer sur perso7 decembre<br />',NULL,NULL,NULL,NULL,NULL,NULL,NULL,'2019-09-22 17:07:01','2020-07-02 08:20:52');
insert  into `opportunites`(`id`,`id_in_sellsy`,`numero`,`nom`,`opportunite_statut_id`,`montant_potentiel`,`date_echeance`,`pipeline_id`,`pipeline_etape_id`,`probabilite`,`brief`,`type_client_id`,`source_lead_id`,`contact_raison_id`,`type_evenement_id`,`type_demande`,`antenne_retrait`,`antenne_retrait_secondaire`,`created`,`modified`) values (169,2464353,'OPP-17974','Salon Nantes',4,'560.00',NULL,36489,352494,'0.00','SAS GASTROMERZONE ARTISANELE LA TAILLEE85690NOTRE DAME DE MONTS02 51 58 45 03ce@gastromer.fr100-199Didier CHELLESce@gastromer.frELU CE251584503<br />',NULL,NULL,NULL,NULL,NULL,NULL,NULL,'2019-09-22 17:10:10','2020-07-02 08:20:52');
insert  into `opportunites`(`id`,`id_in_sellsy`,`numero`,`nom`,`opportunite_statut_id`,`montant_potentiel`,`date_echeance`,`pipeline_id`,`pipeline_etape_id`,`probabilite`,`brief`,`type_client_id`,`source_lead_id`,`contact_raison_id`,`type_evenement_id`,`type_demande`,`antenne_retrait`,`antenne_retrait_secondaire`,`created`,`modified`) values (170,2464359,'OPP-17975','Salon Nantes - ven 6 dec - Saint léger sous cholet',4,'1030.00',NULL,36489,255251,'70.00','PACT EUROPACT<br />3 BOULEVARD JEAN MONET 49360 MAULEVRIER 241555626 cepact@orange.fr 50-99 Adrien PAPAIN cepact@orange.fr ELU CE <br />Vendredi 6 decembre Saint léger sous cholet (salle des prairies) 370 <br />19h au lendemain <br />Animateur de 19h à 23h <br />Livraison à la salle Reprise le samedi matin à St léger à la salle<br />Cadre sup en option<br />',NULL,NULL,NULL,NULL,NULL,NULL,NULL,'2019-09-22 17:13:40','2020-07-02 08:20:52');
insert  into `opportunites`(`id`,`id_in_sellsy`,`numero`,`nom`,`opportunite_statut_id`,`montant_potentiel`,`date_echeance`,`pipeline_id`,`pipeline_etape_id`,`probabilite`,`brief`,`type_client_id`,`source_lead_id`,`contact_raison_id`,`type_evenement_id`,`type_demande`,`antenne_retrait`,`antenne_retrait_secondaire`,`created`,`modified`) values (171,2464379,'OPP-17977','Salon Nantes - CE Toulouse - jeu 3 et ven 4 oct - Toulouse - Spherik',4,'1114.00',NULL,36489,259097,'30.00','stand en face du notre au salon de nantes.<br />intéressée pour louer borne avec fond vert pour son stand au salon des CE de Toulouse.<br />pas de dispo Classik donc je lui propose la spherik.<br />envoi devis pour réponse rapide',NULL,NULL,NULL,NULL,NULL,NULL,NULL,'2019-09-22 17:24:39','2020-07-02 08:20:52');
insert  into `opportunites`(`id`,`id_in_sellsy`,`numero`,`nom`,`opportunite_statut_id`,`montant_potentiel`,`date_echeance`,`pipeline_id`,`pipeline_etape_id`,`probabilite`,`brief`,`type_client_id`,`source_lead_id`,`contact_raison_id`,`type_evenement_id`,`type_demande`,`antenne_retrait`,`antenne_retrait_secondaire`,`created`,`modified`) values (172,2483595,'OPP-18263','suite salon - arbre de Noël - sam 7 dec - Landerneau',4,'720.00',NULL,36489,255251,'70.00','Bonsoir Madame, <br /><br />  Mon fils vous a rencontré au salon CE de Rennes et vous lui aviez présenté votre appareil qui pourrait nous intéresser pour un arbre de Noël. <br /><br />  Nous souhaiterions avoir le montant sachant qu’une offre lui avait été faite (Notre entreprise venant de déménager, nous allons retrouver le document mais nous n’avons pas eu le temps encore).<br /><br />  Nous aimerions l’avoir pour notre arbre de Noël qui aura lieu le 7 décembre.<br /><br />  Je reste à votre disposition pour plus de renseignements.<br /><br /> Cdt<br /><br />  Claudie TONNARD<br />  Secrétaire du CSE de l’IRCH de Landerneau<br />',NULL,NULL,NULL,NULL,NULL,NULL,NULL,'2019-09-27 14:42:44','2020-07-02 08:20:53');
insert  into `opportunites`(`id`,`id_in_sellsy`,`numero`,`nom`,`opportunite_statut_id`,`montant_potentiel`,`date_echeance`,`pipeline_id`,`pipeline_etape_id`,`probabilite`,`brief`,`type_client_id`,`source_lead_id`,`contact_raison_id`,`type_evenement_id`,`type_demande`,`antenne_retrait`,`antenne_retrait_secondaire`,`created`,`modified`) values (173,2488974,'OPP-18379','Salon paris',4,'560.00',NULL,36489,352494,'0.00','SalonsCE ParisCE IBIS PARIS 17 CLICHY BATIGNOLLES10 RUE BERNARD BUFFET75017PARIS660193380ibpa17cbe@bbox.fr100-199Hassan MARHOUMh_marhoum@hotmail.com24/09/2019MARHOUMHassan0CE IBIS PARIS 17 CLICHY BATIGNOLLES<br />',NULL,NULL,NULL,NULL,NULL,NULL,NULL,'2019-09-30 15:55:51','2020-07-02 08:20:58');
insert  into `opportunites`(`id`,`id_in_sellsy`,`numero`,`nom`,`opportunite_statut_id`,`montant_potentiel`,`date_echeance`,`pipeline_id`,`pipeline_etape_id`,`probabilite`,`brief`,`type_client_id`,`source_lead_id`,`contact_raison_id`,`type_evenement_id`,`type_demande`,`antenne_retrait`,`antenne_retrait_secondaire`,`created`,`modified`) values (174,2488990,'OPP-18380','Salon Paris',4,'560.00',NULL,36489,352494,'0.00','SalonsCE ParisEHPAD ST JOSEPH55 RUE GENERAL LECLERC14140LIVAROT PAYS D AUGE629561516comite.entreprise.stjoseph@gmail.com50Aurelie LOISELETcse.stjoseph14@gmail.com24/09/2019LOISELETAurelie629561516EHPAD ST JOSEPH<br />',NULL,NULL,NULL,NULL,NULL,NULL,NULL,'2019-09-30 15:57:51','2020-07-02 08:20:58');
insert  into `opportunites`(`id`,`id_in_sellsy`,`numero`,`nom`,`opportunite_statut_id`,`montant_potentiel`,`date_echeance`,`pipeline_id`,`pipeline_etape_id`,`probabilite`,`brief`,`type_client_id`,`source_lead_id`,`contact_raison_id`,`type_evenement_id`,`type_demande`,`antenne_retrait`,`antenne_retrait_secondaire`,`created`,`modified`) values (175,2489020,'OPP-18384','Salon Paris',4,'560.00',NULL,36489,352494,'0.00','SalonsCE ParisAPACEM RN9 RUE DE CHAMPAGNE91200ATHIS-MONS169576000apacem-nord@aviation-civile.gouv.fr1000+Dominique MICHELdominique.michel@aviation-civile.gouv.fr24/09/2019MICHELDominique0APACEM RN<br />',NULL,NULL,NULL,NULL,NULL,NULL,NULL,'2019-09-30 16:02:20','2020-07-02 08:20:58');
insert  into `opportunites`(`id`,`id_in_sellsy`,`numero`,`nom`,`opportunite_statut_id`,`montant_potentiel`,`date_echeance`,`pipeline_id`,`pipeline_etape_id`,`probabilite`,`brief`,`type_client_id`,`source_lead_id`,`contact_raison_id`,`type_evenement_id`,`type_demande`,`antenne_retrait`,`antenne_retrait_secondaire`,`created`,`modified`) values (176,2489041,'OPP-18385','Salon PAris',4,'560.00',NULL,36489,352494,'0.00','SalonsCE ParisEKI136 AVENUE DES CHAMPS ÉLYSÉES75008PARIS145226299100-199Abdelmounaim DERRAZderrazam@gmail.com24/09/2019DERRAZAbdelmounaim625960611EKI<br />',NULL,NULL,NULL,NULL,NULL,NULL,NULL,'2019-09-30 16:06:34','2020-07-02 08:20:58');
insert  into `opportunites`(`id`,`id_in_sellsy`,`numero`,`nom`,`opportunite_statut_id`,`montant_potentiel`,`date_echeance`,`pipeline_id`,`pipeline_etape_id`,`probabilite`,`brief`,`type_client_id`,`source_lead_id`,`contact_raison_id`,`type_evenement_id`,`type_demande`,`antenne_retrait`,`antenne_retrait_secondaire`,`created`,`modified`) values (177,2489063,'OPP-18386','SAlon PAris',4,'560.00',NULL,36489,352494,'0.00','SalonsCE ParisFDL4 rue de l\'ardoisiere45170neuville aux bois685268662ce@fdlchocolat.fr100-199Francoise MERCADIERce@fdlchocolat.fr24/09/2019MERCADIERFrancoise0FDL<br />',NULL,NULL,NULL,NULL,NULL,NULL,NULL,'2019-09-30 16:11:43','2020-07-02 08:20:58');
insert  into `opportunites`(`id`,`id_in_sellsy`,`numero`,`nom`,`opportunite_statut_id`,`montant_potentiel`,`date_echeance`,`pipeline_id`,`pipeline_etape_id`,`probabilite`,`brief`,`type_client_id`,`source_lead_id`,`contact_raison_id`,`type_evenement_id`,`type_demande`,`antenne_retrait`,`antenne_retrait_secondaire`,`created`,`modified`) values (178,2489080,'OPP-18387','Salon Paris',4,'560.00',NULL,36489,352494,'0.00','SalonsCE ParisLEROY MERLIN FRANCER DE LA BUTTE AUX BERGERSZAC DU TUBOEUF77170BRIE COMTE ROBERT160626328delphine.lamy@leroymerlin.fr100Luc VISEURluc.viseur@leroymerlin.fr24/09/2019VISEURLucLEROY MERLIN FRANCE<br />',NULL,NULL,NULL,NULL,NULL,NULL,NULL,'2019-09-30 16:14:18','2020-07-02 08:20:58');
insert  into `opportunites`(`id`,`id_in_sellsy`,`numero`,`nom`,`opportunite_statut_id`,`montant_potentiel`,`date_echeance`,`pipeline_id`,`pipeline_etape_id`,`probabilite`,`brief`,`type_client_id`,`source_lead_id`,`contact_raison_id`,`type_evenement_id`,`type_demande`,`antenne_retrait`,`antenne_retrait_secondaire`,`created`,`modified`) values (179,2489197,'OPP-18391','Salon PAris',4,'560.00',NULL,36489,352494,'0.00','SalonsCE ParisORANGE1 PLACE DES DROITS DE L\'HOMME93210SAINT DENIS970019990100-199Eva NGUYENevanguy@orange.fr24/09/2019NGUYENEva0ORANGE<br />',NULL,NULL,NULL,NULL,NULL,NULL,NULL,'2019-09-30 16:27:11','2020-07-02 08:20:59');
insert  into `opportunites`(`id`,`id_in_sellsy`,`numero`,`nom`,`opportunite_statut_id`,`montant_potentiel`,`date_echeance`,`pipeline_id`,`pipeline_etape_id`,`probabilite`,`brief`,`type_client_id`,`source_lead_id`,`contact_raison_id`,`type_evenement_id`,`type_demande`,`antenne_retrait`,`antenne_retrait_secondaire`,`created`,`modified`) values (180,2489246,'OPP-18392','Salon PAris',4,'560.00',NULL,36489,352494,'0.00','SalonsCE ParisCMOM4 RUE GIROUISE91360EPINAY-SUR-ORGE164481555maurice.thai@online.fr50-99Maurice THAImaurice.thai@online.fr24/09/2019THAIMaurice0CMOM<br />',NULL,NULL,NULL,NULL,NULL,NULL,NULL,'2019-09-30 16:29:04','2020-07-02 08:20:59');
insert  into `opportunites`(`id`,`id_in_sellsy`,`numero`,`nom`,`opportunite_statut_id`,`montant_potentiel`,`date_echeance`,`pipeline_id`,`pipeline_etape_id`,`probabilite`,`brief`,`type_client_id`,`source_lead_id`,`contact_raison_id`,`type_evenement_id`,`type_demande`,`antenne_retrait`,`antenne_retrait_secondaire`,`created`,`modified`) values (181,2489385,'OPP-18393','salon paris',4,'560.00',NULL,36489,352494,'0.00','SalonsCE ParisSAVEBAG44 AVENUE DES PLATANES37600PERRUSSON247918080ce@savebag.fr200-299Cindy BRINETce@savebag.fr24/09/2019BRINETCindy247918080SAVEBAG<br />',NULL,NULL,NULL,NULL,NULL,NULL,NULL,'2019-09-30 16:38:42','2020-07-02 08:20:59');
insert  into `opportunites`(`id`,`id_in_sellsy`,`numero`,`nom`,`opportunite_statut_id`,`montant_potentiel`,`date_echeance`,`pipeline_id`,`pipeline_etape_id`,`probabilite`,`brief`,`type_client_id`,`source_lead_id`,`contact_raison_id`,`type_evenement_id`,`type_demande`,`antenne_retrait`,`antenne_retrait_secondaire`,`created`,`modified`) values (182,2489397,'OPP-18394','salon paris',4,'560.00',NULL,36489,352494,'0.00','SalonsCE ParisCNAVRUE DE FLANDRE75019PARIS1554552481000+Marjorie MEANARDm.meanard@csecnav.com24/09/2019MEANARDMarjorie0CNAV<br />',NULL,NULL,NULL,NULL,NULL,NULL,NULL,'2019-09-30 16:40:31','2020-07-02 08:20:59');
insert  into `opportunites`(`id`,`id_in_sellsy`,`numero`,`nom`,`opportunite_statut_id`,`montant_potentiel`,`date_echeance`,`pipeline_id`,`pipeline_etape_id`,`probabilite`,`brief`,`type_client_id`,`source_lead_id`,`contact_raison_id`,`type_evenement_id`,`type_demande`,`antenne_retrait`,`antenne_retrait_secondaire`,`created`,`modified`) values (183,2489415,'OPP-18395','salon paris',4,'560.00',NULL,36489,352494,'0.00','SalonsCE ParisCSE CANON BRETAGNELES LANDES DE BEAUGE35340LIFFRE299235111comite.entreprise@cb.canon.fr500-999Marie-Anne PAPIONmarie-anne.papion@cb.canon.fr24/09/2019PAPIONMarie-Anne299235111CSE CANON BRETAGNE<br />',NULL,NULL,NULL,NULL,NULL,NULL,NULL,'2019-09-30 16:42:11','2020-07-02 08:21:04');
insert  into `opportunites`(`id`,`id_in_sellsy`,`numero`,`nom`,`opportunite_statut_id`,`montant_potentiel`,`date_echeance`,`pipeline_id`,`pipeline_etape_id`,`probabilite`,`brief`,`type_client_id`,`source_lead_id`,`contact_raison_id`,`type_evenement_id`,`type_demande`,`antenne_retrait`,`antenne_retrait_secondaire`,`created`,`modified`) values (184,2489456,'OPP-18396','salon paris',4,'560.00',NULL,36489,352494,'0.00','SalonsCE ParisCRM051 AVENUE DU GÉNÉRAL DE GAULLE92230GENNEVILLIERS120101010karimaameur16@gmail.com200-299Karima AMEURkarimaameur16@gmail.com24/09/2019AMEURKarima640102393CRM05<br />',NULL,NULL,NULL,NULL,NULL,NULL,NULL,'2019-09-30 16:43:45','2020-07-02 08:21:04');
insert  into `opportunites`(`id`,`id_in_sellsy`,`numero`,`nom`,`opportunite_statut_id`,`montant_potentiel`,`date_echeance`,`pipeline_id`,`pipeline_etape_id`,`probabilite`,`brief`,`type_client_id`,`source_lead_id`,`contact_raison_id`,`type_evenement_id`,`type_demande`,`antenne_retrait`,`antenne_retrait_secondaire`,`created`,`modified`) values (185,2489489,'OPP-18397','salon paris',4,'560.00',NULL,36489,352494,'0.00','SalonsCE ParisCSE SFH4 PLACE DE BERLIN  BAT NEPTUNE93290TREMBLAY EN FRANCE640972768csesfh@gmail.com100-199Mustapha KAHRAMANcsesfh@gmail.com24/09/2019KAHRAMANMustapha640972768CSE SFH<br />',NULL,NULL,NULL,NULL,NULL,NULL,NULL,'2019-09-30 16:45:20','2020-07-02 08:21:04');
insert  into `opportunites`(`id`,`id_in_sellsy`,`numero`,`nom`,`opportunite_statut_id`,`montant_potentiel`,`date_echeance`,`pipeline_id`,`pipeline_etape_id`,`probabilite`,`brief`,`type_client_id`,`source_lead_id`,`contact_raison_id`,`type_evenement_id`,`type_demande`,`antenne_retrait`,`antenne_retrait_secondaire`,`created`,`modified`) values (186,2489501,'OPP-18398','salon paris',4,'560.00',NULL,36489,352494,'0.00','SalonsCE ParisSYSTEMAT50 BIS R DE ROUEN95300PONTOISE13030096415Pascal RENARDpascrenard2002@yahoo.fr24/09/2019RENARDPascal130300964SYSTEMAT<br />',NULL,NULL,NULL,NULL,NULL,NULL,NULL,'2019-09-30 16:47:01','2020-07-02 08:21:04');
insert  into `opportunites`(`id`,`id_in_sellsy`,`numero`,`nom`,`opportunite_statut_id`,`montant_potentiel`,`date_echeance`,`pipeline_id`,`pipeline_etape_id`,`probabilite`,`brief`,`type_client_id`,`source_lead_id`,`contact_raison_id`,`type_evenement_id`,`type_demande`,`antenne_retrait`,`antenne_retrait_secondaire`,`created`,`modified`) values (187,2489530,'OPP-18399','salon paris',4,'560.00',NULL,36489,352494,'0.00','SalonsCE ParisHEPPNER SOC DE TRANSPORTS150 AV DE VERSAILLES94150RUNGIS146872689david.pommier@gmail.com150Morgan COURTOIS24/09/2019COURTOISMorgan145136069HEPPNER SOC DE TRANSPORTS<br />',NULL,NULL,NULL,NULL,NULL,NULL,NULL,'2019-09-30 16:48:35','2020-07-02 08:21:04');
insert  into `opportunites`(`id`,`id_in_sellsy`,`numero`,`nom`,`opportunite_statut_id`,`montant_potentiel`,`date_echeance`,`pipeline_id`,`pipeline_etape_id`,`probabilite`,`brief`,`type_client_id`,`source_lead_id`,`contact_raison_id`,`type_evenement_id`,`type_demande`,`antenne_retrait`,`antenne_retrait_secondaire`,`created`,`modified`) values (188,2489571,'OPP-18400','salon paris',4,'560.00',NULL,36489,352494,'0.00','SalonsCE ParisAMI DES ACADEMIES FRANCAISES21 RUE VICTOR HUGO92400COURBEVOIE632722688oct-19M Clet NOAH-EKANItendresse0687@gmail.com24/09/2019NOAH-EKANIM Clet632722688AMI DES ACADEMIES FRANCAISES<br />',NULL,NULL,NULL,NULL,NULL,NULL,NULL,'2019-09-30 16:50:11','2020-07-02 08:21:04');
insert  into `opportunites`(`id`,`id_in_sellsy`,`numero`,`nom`,`opportunite_statut_id`,`montant_potentiel`,`date_echeance`,`pipeline_id`,`pipeline_etape_id`,`probabilite`,`brief`,`type_client_id`,`source_lead_id`,`contact_raison_id`,`type_evenement_id`,`type_demande`,`antenne_retrait`,`antenne_retrait_secondaire`,`created`,`modified`) values (189,2489592,'OPP-18401','salon paris',4,'560.00',NULL,36489,352494,'0.00','SalonsCE ParisCLINIQUE DE CHAMPIGNY34 RUE DE VERDUN94500CHAMPIGNY SUR MARNE15512729650-99Mhammed MACHMCHIdupchampigny@gmail.com24/09/2019MACHMCHIMhammed0CLINIQUE DE CHAMPIGNY<br />',NULL,NULL,NULL,NULL,NULL,NULL,NULL,'2019-09-30 16:51:43','2020-07-02 08:21:04');
insert  into `opportunites`(`id`,`id_in_sellsy`,`numero`,`nom`,`opportunite_statut_id`,`montant_potentiel`,`date_echeance`,`pipeline_id`,`pipeline_etape_id`,`probabilite`,`brief`,`type_client_id`,`source_lead_id`,`contact_raison_id`,`type_evenement_id`,`type_demande`,`antenne_retrait`,`antenne_retrait_secondaire`,`created`,`modified`) values (190,2489596,'OPP-18402','salon paris',4,'560.00',NULL,36489,352494,'0.00','SalonsCE ParisULOGISTIQUEBD CHARLES CROSZAC OBJECT IFS SUD14123IFS231541788ceifs@yahoo.com180Valerie AUBINifsce@yahoo.fr24/09/2019AUBINValerie0ULOGISTIQUE<br />',NULL,NULL,NULL,NULL,NULL,NULL,NULL,'2019-09-30 16:53:16','2020-07-02 08:21:04');
insert  into `opportunites`(`id`,`id_in_sellsy`,`numero`,`nom`,`opportunite_statut_id`,`montant_potentiel`,`date_echeance`,`pipeline_id`,`pipeline_etape_id`,`probabilite`,`brief`,`type_client_id`,`source_lead_id`,`contact_raison_id`,`type_evenement_id`,`type_demande`,`antenne_retrait`,`antenne_retrait_secondaire`,`created`,`modified`) values (191,2489607,'OPP-18403','salon paris',4,'560.00',NULL,36489,352494,'0.00','SalonsCE ParisSHERWIN WILLIAMS3 RUE BOILEAU91530SAINT CHERON160811300marlene.dasilva@sherwin.com20-49Ma DA-SILVAmarlene.dasilva@sherwin.com24/09/2019DA-SILVAMa160811310SHERWIN WILLIAMS<br />',NULL,NULL,NULL,NULL,NULL,NULL,NULL,'2019-09-30 16:54:52','2020-07-02 08:21:05');
insert  into `opportunites`(`id`,`id_in_sellsy`,`numero`,`nom`,`opportunite_statut_id`,`montant_potentiel`,`date_echeance`,`pipeline_id`,`pipeline_etape_id`,`probabilite`,`brief`,`type_client_id`,`source_lead_id`,`contact_raison_id`,`type_evenement_id`,`type_demande`,`antenne_retrait`,`antenne_retrait_secondaire`,`created`,`modified`) values (192,2489614,'OPP-18404','salon paris',4,'560.00',NULL,36489,352494,'0.00','SalonsCE ParisALPLA RAMBOUILLET1 RUE DU CHATEAU D?EAU78120RAMBOUILLET61028259250-99Patrick GALYpatrick.galy@hotmail.com24/09/2019GALYPatrick678159375ALPLA RAMBOUILLET<br />',NULL,NULL,NULL,NULL,NULL,NULL,NULL,'2019-09-30 16:56:30','2020-07-02 08:21:05');
insert  into `opportunites`(`id`,`id_in_sellsy`,`numero`,`nom`,`opportunite_statut_id`,`montant_potentiel`,`date_echeance`,`pipeline_id`,`pipeline_etape_id`,`probabilite`,`brief`,`type_client_id`,`source_lead_id`,`contact_raison_id`,`type_evenement_id`,`type_demande`,`antenne_retrait`,`antenne_retrait_secondaire`,`created`,`modified`) values (193,2489621,'OPP-18405','salon paris',4,'560.00',NULL,36489,352494,'0.00','SalonsCE ParisHAUTS DE SEINE HABITAT OPH45 R PAUL VAILLANT COUTURIER92300LEVALLOIS PERRET607293022cse@hdshabitat.fr850Elisabeth GAMEIROcse@hdshabitat.fr24/09/2019GAMEIROElisabeth147573177HAUTS DE SEINE HABITAT OPH<br />',NULL,NULL,NULL,NULL,NULL,NULL,NULL,'2019-09-30 16:58:00','2020-07-02 08:21:09');
insert  into `opportunites`(`id`,`id_in_sellsy`,`numero`,`nom`,`opportunite_statut_id`,`montant_potentiel`,`date_echeance`,`pipeline_id`,`pipeline_etape_id`,`probabilite`,`brief`,`type_client_id`,`source_lead_id`,`contact_raison_id`,`type_evenement_id`,`type_demande`,`antenne_retrait`,`antenne_retrait_secondaire`,`created`,`modified`) values (194,2489630,'OPP-18406','salon paris',4,'560.00',NULL,36489,352494,'0.00','SalonsCE ParisCHEF GERANTAPASO H 579 98 RUE DIDOT75014PARIS680352413cse.convivio-rco@convivio.fr500-999Roberto PITA-PEREZrobertopitap@gmail.com25/09/2019PITA-PEREZRoberto680827362CHEF GERANT<br />',NULL,NULL,NULL,NULL,NULL,NULL,NULL,'2019-09-30 16:59:43','2020-07-02 08:21:09');
insert  into `opportunites`(`id`,`id_in_sellsy`,`numero`,`nom`,`opportunite_statut_id`,`montant_potentiel`,`date_echeance`,`pipeline_id`,`pipeline_etape_id`,`probabilite`,`brief`,`type_client_id`,`source_lead_id`,`contact_raison_id`,`type_evenement_id`,`type_demande`,`antenne_retrait`,`antenne_retrait_secondaire`,`created`,`modified`) values (195,2489636,'OPP-18407','salon paris',4,'560.00',NULL,36489,352494,'0.00','SalonsCE ParisCSE SAGEMCOM250 ROUTE DE L EMPEREUR92500RUEIL MALMAISON157611100regine.petit123@gmail.com500-999Regine PETITregine.petit123@gmail.com25/09/2019PETITRegine157611100CSE SAGEMCOM<br />',NULL,NULL,NULL,NULL,NULL,NULL,NULL,'2019-09-30 17:01:16','2020-07-02 08:21:09');
insert  into `opportunites`(`id`,`id_in_sellsy`,`numero`,`nom`,`opportunite_statut_id`,`montant_potentiel`,`date_echeance`,`pipeline_id`,`pipeline_etape_id`,`probabilite`,`brief`,`type_client_id`,`source_lead_id`,`contact_raison_id`,`type_evenement_id`,`type_demande`,`antenne_retrait`,`antenne_retrait_secondaire`,`created`,`modified`) values (196,2489645,'OPP-18408','salon paris',4,'560.00',NULL,36489,352494,'0.00','SalonsCE ParisPOLE TERTIARE DE POISSY2 10 BD DE L EUROPE78092YVELINES CEDEX 9161450966contact@cse-pcapoissytertiaire.fr5500Marine PIERREmarine.pierre@mpsa.com25/09/2019PIERREMarine0POLE TERTIARE DE POISSY<br />',NULL,NULL,NULL,NULL,NULL,NULL,NULL,'2019-09-30 17:02:53','2020-07-02 08:21:09');
insert  into `opportunites`(`id`,`id_in_sellsy`,`numero`,`nom`,`opportunite_statut_id`,`montant_potentiel`,`date_echeance`,`pipeline_id`,`pipeline_etape_id`,`probabilite`,`brief`,`type_client_id`,`source_lead_id`,`contact_raison_id`,`type_evenement_id`,`type_demande`,`antenne_retrait`,`antenne_retrait_secondaire`,`created`,`modified`) values (197,2489716,'OPP-18409','salon paris',4,'560.00',NULL,36489,352494,'0.00','SalonsCE ParisFRANCOISE SAGET10 DOMAINE DE LA MOTTE56200LES FOUGERETS299914112sce@mkdirect.fr200-299Aurélia SAUNEUFsce@mkdirect.fr25/09/2019SAUNEUFAurélia0FRANCOISE SAGET<br />',NULL,NULL,NULL,NULL,NULL,NULL,NULL,'2019-09-30 17:05:44','2020-07-02 08:21:10');
insert  into `opportunites`(`id`,`id_in_sellsy`,`numero`,`nom`,`opportunite_statut_id`,`montant_potentiel`,`date_echeance`,`pipeline_id`,`pipeline_etape_id`,`probabilite`,`brief`,`type_client_id`,`source_lead_id`,`contact_raison_id`,`type_evenement_id`,`type_demande`,`antenne_retrait`,`antenne_retrait_secondaire`,`created`,`modified`) values (198,2489719,'OPP-18410','salon paris',4,'560.00',NULL,36489,352494,'0.00','SalonsCE ParisSAGAL2 ZA DE LA CROIX SAINT MATHIEU28320GALLARDON237310350donsimoni.marion@gmail.com50-99Marion DONSIMONIdonsimoni.marion@gmail.com25/09/2019DONSIMONIMarion618205112SAGAL<br />',NULL,NULL,NULL,NULL,NULL,NULL,NULL,'2019-09-30 17:07:08','2020-07-02 08:21:10');
insert  into `opportunites`(`id`,`id_in_sellsy`,`numero`,`nom`,`opportunite_statut_id`,`montant_potentiel`,`date_echeance`,`pipeline_id`,`pipeline_etape_id`,`probabilite`,`brief`,`type_client_id`,`source_lead_id`,`contact_raison_id`,`type_evenement_id`,`type_demande`,`antenne_retrait`,`antenne_retrait_secondaire`,`created`,`modified`) values (199,2489735,'OPP-18411','salon paris',4,'560.00',NULL,36489,352494,'0.00','SalonsCE ParisCHALLENGE INTERCONTINENTAL EXPRESS17 RUE DE LA FERME SAINT LADRE95470SAINT WITZ185430587cse@c-i-e-group.com50-99Steven LAHOUDsteven.lahoud@c-i-e-group.com25/09/2019LAHOUDSteven668520708CHALLENGE INTERCONTINENTAL EXPRESS<br />',NULL,NULL,NULL,NULL,NULL,NULL,NULL,'2019-09-30 17:08:35','2020-07-02 08:21:10');
insert  into `opportunites`(`id`,`id_in_sellsy`,`numero`,`nom`,`opportunite_statut_id`,`montant_potentiel`,`date_echeance`,`pipeline_id`,`pipeline_etape_id`,`probabilite`,`brief`,`type_client_id`,`source_lead_id`,`contact_raison_id`,`type_evenement_id`,`type_demande`,`antenne_retrait`,`antenne_retrait_secondaire`,`created`,`modified`) values (200,2489746,'OPP-18412','salon paris',4,'560.00',NULL,36489,352494,'0.00','SalonsCE ParisBRONZE ALUZI VIEVILLE27750LA COUTURE BOUSSEY232340633cebronzealu@orange.fr210Kevin DUHAMELce.bronzealu@orange.fr25/09/2019DUHAMELKevin298940633BRONZE ALU<br />',NULL,NULL,NULL,NULL,NULL,NULL,NULL,'2019-09-30 17:10:00','2020-07-02 08:21:10');
insert  into `opportunites`(`id`,`id_in_sellsy`,`numero`,`nom`,`opportunite_statut_id`,`montant_potentiel`,`date_echeance`,`pipeline_id`,`pipeline_etape_id`,`probabilite`,`brief`,`type_client_id`,`source_lead_id`,`contact_raison_id`,`type_evenement_id`,`type_demande`,`antenne_retrait`,`antenne_retrait_secondaire`,`created`,`modified`) values (201,2489751,'OPP-18413','salon paris',4,'560.00',NULL,36489,352494,'0.00','SalonsCE ParisAXIMUMRUE DES COCHETS91220BRETIGNY SUR ORGE16085254050-99Auguste DASILVAdasilva@aximum.fr25/09/2019DASILVAAuguste0AXIMUM<br />',NULL,NULL,NULL,NULL,NULL,NULL,NULL,'2019-09-30 17:11:29','2020-07-02 08:21:10');
insert  into `opportunites`(`id`,`id_in_sellsy`,`numero`,`nom`,`opportunite_statut_id`,`montant_potentiel`,`date_echeance`,`pipeline_id`,`pipeline_etape_id`,`probabilite`,`brief`,`type_client_id`,`source_lead_id`,`contact_raison_id`,`type_evenement_id`,`type_demande`,`antenne_retrait`,`antenne_retrait_secondaire`,`created`,`modified`) values (202,2489764,'OPP-18414','salon paris',4,'560.00',NULL,36489,352494,'0.00','SalonsCE ParisPRIVE125 CHEMIN DE RONDE78290CROISSY SUR SEINE155722000sandrine.calis@servier.com500-999Carine SAUNIERcarine.saunier@servier.com25/09/2019SAUNIERCarine0PRIVE<br />',NULL,NULL,NULL,NULL,NULL,NULL,NULL,'2019-09-30 17:13:01','2020-07-02 08:21:10');
insert  into `opportunites`(`id`,`id_in_sellsy`,`numero`,`nom`,`opportunite_statut_id`,`montant_potentiel`,`date_echeance`,`pipeline_id`,`pipeline_etape_id`,`probabilite`,`brief`,`type_client_id`,`source_lead_id`,`contact_raison_id`,`type_evenement_id`,`type_demande`,`antenne_retrait`,`antenne_retrait_secondaire`,`created`,`modified`) values (203,2489779,'OPP-18415','salon paris',4,'560.00',NULL,36489,352494,'0.00','SalonsCE ParisTESCA109 R DU FBG ST HONORE75008PARIS352626360fernand.dauchez@tescagroup.com50Fernand DAUCHEZfernand.dauchez@tescagroup.com25/09/2019DAUCHEZFernand0TESCA<br />',NULL,NULL,NULL,NULL,NULL,NULL,NULL,'2019-09-30 17:14:28','2020-07-02 08:21:15');
insert  into `opportunites`(`id`,`id_in_sellsy`,`numero`,`nom`,`opportunite_statut_id`,`montant_potentiel`,`date_echeance`,`pipeline_id`,`pipeline_etape_id`,`probabilite`,`brief`,`type_client_id`,`source_lead_id`,`contact_raison_id`,`type_evenement_id`,`type_demande`,`antenne_retrait`,`antenne_retrait_secondaire`,`created`,`modified`) values (204,2489833,'OPP-18416','salon paris',4,'560.00',NULL,36489,352494,'0.00','SalonsCE ParisSOFIE LE CLOS SAINT JEAN3 AVENUE VICTOR HUGO78440GARGENVILLE660758121dupgargenville.secretaire.sophie@gmail.com50Sophie COLLEdupgargenville.secretaire.sophie@gmail.com25/09/2019COLLESophie134973300SOFIE LE CLOS SAINT JEAN<br />',NULL,NULL,NULL,NULL,NULL,NULL,NULL,'2019-09-30 17:16:05','2020-07-02 08:21:15');
insert  into `opportunites`(`id`,`id_in_sellsy`,`numero`,`nom`,`opportunite_statut_id`,`montant_potentiel`,`date_echeance`,`pipeline_id`,`pipeline_etape_id`,`probabilite`,`brief`,`type_client_id`,`source_lead_id`,`contact_raison_id`,`type_evenement_id`,`type_demande`,`antenne_retrait`,`antenne_retrait_secondaire`,`created`,`modified`) values (205,2489882,'OPP-18417','salon paris',4,'560.00',NULL,36489,352494,'0.00','SalonsCE ParisCOVED Groupe PaprecChassieu69Chassieu615768539patbreysse@hotmail.com500-999Patrick BREYSSEpatbreysse@hotmail.com25/09/2019BREYSSEPatrick760327247COVED Groupe Paprec<br />',NULL,NULL,NULL,NULL,NULL,NULL,NULL,'2019-09-30 17:17:44','2020-07-02 08:21:15');
insert  into `opportunites`(`id`,`id_in_sellsy`,`numero`,`nom`,`opportunite_statut_id`,`montant_potentiel`,`date_echeance`,`pipeline_id`,`pipeline_etape_id`,`probabilite`,`brief`,`type_client_id`,`source_lead_id`,`contact_raison_id`,`type_evenement_id`,`type_demande`,`antenne_retrait`,`antenne_retrait_secondaire`,`created`,`modified`) values (206,2489948,'OPP-18421','salon paris',4,'560.00',NULL,36489,352494,'0.00','SalonsCE ParisAIOI NISSADOWA INSURRANCE92213ST CLOUD CEDEX147957920ce@aioinissaydowa.eu60Celine CEROLce@aioinissaydowa.eu25/09/2019CEROLCelineAIOI NISSADOWA INSURRANCE<br />',NULL,NULL,NULL,NULL,NULL,NULL,NULL,'2019-09-30 17:24:51','2020-07-02 08:21:15');
insert  into `opportunites`(`id`,`id_in_sellsy`,`numero`,`nom`,`opportunite_statut_id`,`montant_potentiel`,`date_echeance`,`pipeline_id`,`pipeline_etape_id`,`probabilite`,`brief`,`type_client_id`,`source_lead_id`,`contact_raison_id`,`type_evenement_id`,`type_demande`,`antenne_retrait`,`antenne_retrait_secondaire`,`created`,`modified`) values (207,2489961,'OPP-18422','salon paris',4,'560.00',NULL,36489,352494,'0.00','SalonsCE ParisSEMISO17 RUE CLAUDE MONET93400SAINT OUEN140112020cse@semiso.fr100-199Maria-Madalena DIAS-DA-SILVAmaria.dias@semiso.fr25/09/2019DIAS-DA-SILVAMaria-Madalena682999541SEMISO<br />',NULL,NULL,NULL,NULL,NULL,NULL,NULL,'2019-09-30 17:26:31','2020-07-02 08:21:15');
insert  into `opportunites`(`id`,`id_in_sellsy`,`numero`,`nom`,`opportunite_statut_id`,`montant_potentiel`,`date_echeance`,`pipeline_id`,`pipeline_etape_id`,`probabilite`,`brief`,`type_client_id`,`source_lead_id`,`contact_raison_id`,`type_evenement_id`,`type_demande`,`antenne_retrait`,`antenne_retrait_secondaire`,`created`,`modified`) values (208,2489971,'OPP-18423','salon paris',4,'560.00',NULL,36489,352494,'0.00','SalonsCE ParisMYBESTPRO SASC/O Société LESPACE, 1-5 Rue du 8 mai 194592210CLICHY175757500cse.mybestpro@gmail.com200-299Myriam VICTORmyriam.victor@mybestpro.com25/09/2019VICTORMyriam0MYBESTPRO SAS<br />',NULL,NULL,NULL,NULL,NULL,NULL,NULL,'2019-09-30 17:28:20','2020-07-02 08:21:15');
insert  into `opportunites`(`id`,`id_in_sellsy`,`numero`,`nom`,`opportunite_statut_id`,`montant_potentiel`,`date_echeance`,`pipeline_id`,`pipeline_etape_id`,`probabilite`,`brief`,`type_client_id`,`source_lead_id`,`contact_raison_id`,`type_evenement_id`,`type_demande`,`antenne_retrait`,`antenne_retrait_secondaire`,`created`,`modified`) values (209,2489989,'OPP-18424','salon paris',4,'560.00',NULL,36489,352494,'0.00','SalonsCE ParisROLLET BRIGITTE24 RUE DU BOIS FROMONT27180CLAVILLE603249161domirollet@orange.fr100-199Dominique ROLLETdomirollet@orange.fr25/09/2019ROLLETDominique622698176ROLLET BRIGITTE<br />',NULL,NULL,NULL,NULL,NULL,NULL,NULL,'2019-09-30 17:30:12','2020-07-02 08:21:15');
insert  into `opportunites`(`id`,`id_in_sellsy`,`numero`,`nom`,`opportunite_statut_id`,`montant_potentiel`,`date_echeance`,`pipeline_id`,`pipeline_etape_id`,`probabilite`,`brief`,`type_client_id`,`source_lead_id`,`contact_raison_id`,`type_evenement_id`,`type_demande`,`antenne_retrait`,`antenne_retrait_secondaire`,`created`,`modified`) values (210,2489996,'OPP-18425','salon paris',4,'560.00',NULL,36489,352494,'0.00','SalonsCE ParisKOELIS SEINE SENART1 RESIDENCE JULES VALLES91180ST GERMAIN LES ARPAJON651622906100-199Mohamed MENADm.menad@free.fr25/09/2019MENADMohamed651622906KOELIS SEINE SENART<br />',NULL,NULL,NULL,NULL,NULL,NULL,NULL,'2019-09-30 17:31:48','2020-07-02 08:21:15');
insert  into `opportunites`(`id`,`id_in_sellsy`,`numero`,`nom`,`opportunite_statut_id`,`montant_potentiel`,`date_echeance`,`pipeline_id`,`pipeline_etape_id`,`probabilite`,`brief`,`type_client_id`,`source_lead_id`,`contact_raison_id`,`type_evenement_id`,`type_demande`,`antenne_retrait`,`antenne_retrait_secondaire`,`created`,`modified`) values (211,2490010,'OPP-18426','salon paris',4,'560.00',NULL,36489,352494,'0.00','SalonsCE ParisSOLVAY OPERATIONS FRANCE2 R GABRIEL PERI54110DOMBASLE SUR MEURTHE383185373ludovic.pichery@solvay.com330Laurent ROUYERlaurent.rouyer@solvay.com25/09/2019ROUYERLaurent383185454SOLVAY OPERATIONS FRANCE<br />',NULL,NULL,NULL,NULL,NULL,NULL,NULL,'2019-09-30 17:34:31','2020-07-02 08:21:16');
insert  into `opportunites`(`id`,`id_in_sellsy`,`numero`,`nom`,`opportunite_statut_id`,`montant_potentiel`,`date_echeance`,`pipeline_id`,`pipeline_etape_id`,`probabilite`,`brief`,`type_client_id`,`source_lead_id`,`contact_raison_id`,`type_evenement_id`,`type_demande`,`antenne_retrait`,`antenne_retrait_secondaire`,`created`,`modified`) values (212,2490017,'OPP-18428','salon paris',4,'560.00',NULL,36489,352494,'0.00','SalonsCE ParisLENDYS93 RUE SAINT LAZARE75009PARIS140079671cse@lendys.fr50-99Valerie METHELIEvmethelie@lendys.fr25/09/2019METHELIEValerie140079671LENDYS<br />',NULL,NULL,NULL,NULL,NULL,NULL,NULL,'2019-09-30 17:36:01','2020-07-02 08:21:16');
insert  into `opportunites`(`id`,`id_in_sellsy`,`numero`,`nom`,`opportunite_statut_id`,`montant_potentiel`,`date_echeance`,`pipeline_id`,`pipeline_etape_id`,`probabilite`,`brief`,`type_client_id`,`source_lead_id`,`contact_raison_id`,`type_evenement_id`,`type_demande`,`antenne_retrait`,`antenne_retrait_secondaire`,`created`,`modified`) values (213,2490023,'OPP-18429','salon paris',4,'560.00',NULL,36489,352494,'0.00','SalonsCE ParisBANQUE POPULAIRE VAL DE FRANCE9 AVENUE NEWTON78183SAINT QUENTIN EN YVELINES1301466001000+Jean Francois DUPUYjean-francois.dupuy@bpvf.fr25/09/2019DUPUYJean Francois0BANQUE POPULAIRE VAL DE FRANCE<br />',NULL,NULL,NULL,NULL,NULL,NULL,NULL,'2019-09-30 17:37:37','2020-07-02 08:21:21');
insert  into `opportunites`(`id`,`id_in_sellsy`,`numero`,`nom`,`opportunite_statut_id`,`montant_potentiel`,`date_echeance`,`pipeline_id`,`pipeline_etape_id`,`probabilite`,`brief`,`type_client_id`,`source_lead_id`,`contact_raison_id`,`type_evenement_id`,`type_demande`,`antenne_retrait`,`antenne_retrait_secondaire`,`created`,`modified`) values (214,2490031,'OPP-18430','salon paris',4,'560.00',NULL,36489,352494,'0.00','SalonsCE ParisFACTOFRANCETOUR D2 17 BID PLACE DES REFLETS92988PARIS LA DEFENSE CEDEX146352857300-499Florence MAZIERESflorence.mazieres@factofrance.com25/09/2019MAZIERESFlorence614072628FACTOFRANCE<br />',NULL,NULL,NULL,NULL,NULL,NULL,NULL,'2019-09-30 17:39:08','2020-07-02 08:21:21');
insert  into `opportunites`(`id`,`id_in_sellsy`,`numero`,`nom`,`opportunite_statut_id`,`montant_potentiel`,`date_echeance`,`pipeline_id`,`pipeline_etape_id`,`probabilite`,`brief`,`type_client_id`,`source_lead_id`,`contact_raison_id`,`type_evenement_id`,`type_demande`,`antenne_retrait`,`antenne_retrait_secondaire`,`created`,`modified`) values (215,2490039,'OPP-18431','salon paris - Dimanche 8 déc velizy en pick up',4,'560.00',NULL,36489,352494,'0.00','SalonsCE Paris<br />CSE LGM DIGITAL<br />13 AVENUE MORANE SAULNIER78140VELIZY VILLACOUBLAY<br />130671942<br />cse.digital@lgm.fr<br />200-299<br />Rudy HERMEND<br />rudy.hermend@lgm.fr<br />24/09/2019<br />HERMENDRudy0CSE LGM DIGITAL<br />Dimanche 8 déc velizy en pick up <br />',NULL,NULL,NULL,NULL,NULL,NULL,NULL,'2019-09-30 17:41:44','2020-07-02 08:21:21');
insert  into `opportunites`(`id`,`id_in_sellsy`,`numero`,`nom`,`opportunite_statut_id`,`montant_potentiel`,`date_echeance`,`pipeline_id`,`pipeline_etape_id`,`probabilite`,`brief`,`type_client_id`,`source_lead_id`,`contact_raison_id`,`type_evenement_id`,`type_demande`,`antenne_retrait`,`antenne_retrait_secondaire`,`created`,`modified`) values (216,2490049,'OPP-18432','Salon Paris - Séminaire vendredi autour du 20 janvier la soirée le duplex Paris 17h à 21h',4,'780.54',NULL,36489,352494,'0.00','SalonsCE ParisGIE AUXIA GESTION21 RUE LAFFITTE75009PARIS153174104cse@auxia.com200-299Audrey DUCLOUXaducloux@auxia.com24/09/2019DUCLOUXAudrey0GIE AUXIA GESTION<br /><br />Séminaire vendredi autour du 20 janvier la soirée le duplex Paris 17h à 21h <br />',NULL,NULL,NULL,NULL,NULL,NULL,NULL,'2019-09-30 17:46:05','2020-07-02 08:21:21');
insert  into `opportunites`(`id`,`id_in_sellsy`,`numero`,`nom`,`opportunite_statut_id`,`montant_potentiel`,`date_echeance`,`pipeline_id`,`pipeline_etape_id`,`probabilite`,`brief`,`type_client_id`,`source_lead_id`,`contact_raison_id`,`type_evenement_id`,`type_demande`,`antenne_retrait`,`antenne_retrait_secondaire`,`created`,`modified`) values (217,2490073,'OPP-18433','salon paris',4,'560.00',NULL,36489,352494,'0.00','SalonsCE ParisDTSP 93 CLAS 9331 R MERLHECASERNE DE LA ROSE93440DUGNY177748098fadila.menasria@yahoo.fr20000Jean-Michel HUGUEThuguet.alliancepn@gmail.com24/09/2019HUGUETJean-Michel629592488DTSP 93 CLAS 93Envoyer aussi devis part<br />',NULL,NULL,NULL,NULL,NULL,NULL,NULL,'2019-09-30 17:53:27','2020-07-02 08:21:21');
insert  into `opportunites`(`id`,`id_in_sellsy`,`numero`,`nom`,`opportunite_statut_id`,`montant_potentiel`,`date_echeance`,`pipeline_id`,`pipeline_etape_id`,`probabilite`,`brief`,`type_client_id`,`source_lead_id`,`contact_raison_id`,`type_evenement_id`,`type_demande`,`antenne_retrait`,`antenne_retrait_secondaire`,`created`,`modified`) values (218,2490078,'OPP-18434','salon paris - Salon forum estp sur 1 jour à Paris expo livraison et insta en option',4,'560.00',NULL,36489,352494,'0.00','SalonsCE ParisHERVE SA1 RUE DU PALAIS DE JUSTICE78200MANTES LA JOLIE102030405100-199Matthieu OZANNEmozanne@herve.eu24/09/2019OZANNEMatthieu0HERVE SASalon forum estp sur 1 jour à Paris expo livraison et insta en option<br />',NULL,NULL,NULL,NULL,NULL,NULL,NULL,'2019-09-30 17:55:20','2020-07-02 08:21:21');
insert  into `opportunites`(`id`,`id_in_sellsy`,`numero`,`nom`,`opportunite_statut_id`,`montant_potentiel`,`date_echeance`,`pipeline_id`,`pipeline_etape_id`,`probabilite`,`brief`,`type_client_id`,`source_lead_id`,`contact_raison_id`,`type_evenement_id`,`type_demande`,`antenne_retrait`,`antenne_retrait_secondaire`,`created`,`modified`) values (219,2490097,'OPP-18435','salon paris - 7 déc marseille',4,'560.00',NULL,36489,352494,'0.00','SalonsCE ParisKEM ONEZONE ECOPOLIS SUD BP313500LAVERA442429156arkema.lave-ce@kemone.com300-499Jean Bernard CASTANOjeanbernard.castano@gmail.com25/09/2019CASTANOJean Bernard662396210KEM ONE<br /><br />7 déc marseille<br />',NULL,NULL,NULL,NULL,NULL,NULL,NULL,'2019-09-30 18:02:50','2020-07-02 08:21:21');
insert  into `opportunites`(`id`,`id_in_sellsy`,`numero`,`nom`,`opportunite_statut_id`,`montant_potentiel`,`date_echeance`,`pipeline_id`,`pipeline_etape_id`,`probabilite`,`brief`,`type_client_id`,`source_lead_id`,`contact_raison_id`,`type_evenement_id`,`type_demande`,`antenne_retrait`,`antenne_retrait_secondaire`,`created`,`modified`) values (220,2490104,'OPP-18436','salon paris - 6 decembre Grenoble',4,'560.00',NULL,36489,352494,'0.00','SalonsCE ParisUMGGHM8- 12 RUE DOCTEUR CALMETTE38100GRENOBLE476285050soldanopatricia@gmail.com1000+Emilie BERRAUDsoldanopatricia@gmail.com25/09/2019BERRAUDEmilie667847359UMGGHM<br />6 decembre Grenoble <br />',NULL,NULL,NULL,NULL,NULL,NULL,NULL,'2019-09-30 18:05:59','2020-07-02 08:21:21');
insert  into `opportunites`(`id`,`id_in_sellsy`,`numero`,`nom`,`opportunite_statut_id`,`montant_potentiel`,`date_echeance`,`pipeline_id`,`pipeline_etape_id`,`probabilite`,`brief`,`type_client_id`,`source_lead_id`,`contact_raison_id`,`type_evenement_id`,`type_demande`,`antenne_retrait`,`antenne_retrait_secondaire`,`created`,`modified`) values (221,2490111,'OPP-18438','salon paris - 1er mercredi de dec',4,'560.00',NULL,36489,352494,'0.00','SalonsCE ParisAB HABITAT203 R MICHEL CARRE95870BEZONS139982828csellier@ab-habitat.fr260Farida ABBOUDfabboud@ab-habitat.fr25/09/2019ABBOUDFarida134235151AB HABITAT<br />1er mercredi de dec<br />',NULL,NULL,NULL,NULL,NULL,NULL,NULL,'2019-09-30 18:09:02','2020-07-02 08:21:22');
insert  into `opportunites`(`id`,`id_in_sellsy`,`numero`,`nom`,`opportunite_statut_id`,`montant_potentiel`,`date_echeance`,`pipeline_id`,`pipeline_etape_id`,`probabilite`,`brief`,`type_client_id`,`source_lead_id`,`contact_raison_id`,`type_evenement_id`,`type_demande`,`antenne_retrait`,`antenne_retrait_secondaire`,`created`,`modified`) values (222,2490122,'OPP-18439','salon paris - ​31 octobre au niveau du siège insta en option',4,'560.00',NULL,36489,352494,'0.00','SalonsCE ParisFIS FINANCIAL SYSTEMS46 RUE NOTRE DAME DES VICTOIRES75002PARIS616559379nora.ben.amri@fisglobal.com200-299Nora BEN-AMRInora.ben.amri@fisglobal.com25/09/2019BEN-AMRINora616559379FIS FINANCIAL SYSTEMS<br /><br />31 octobre au niveau du siège insta en option <br />',NULL,NULL,NULL,NULL,NULL,NULL,NULL,'2019-09-30 18:13:53','2020-07-02 08:21:22');
insert  into `opportunites`(`id`,`id_in_sellsy`,`numero`,`nom`,`opportunite_statut_id`,`montant_potentiel`,`date_echeance`,`pipeline_id`,`pipeline_etape_id`,`probabilite`,`brief`,`type_client_id`,`source_lead_id`,`contact_raison_id`,`type_evenement_id`,`type_demande`,`antenne_retrait`,`antenne_retrait_secondaire`,`created`,`modified`) values (223,2490140,'OPP-18441','salon paris - Envoi devis 1 jour + 1 semaine et envoyer dimension de la borne',4,'1998.52',NULL,36489,255251,'70.00','SalonsCE ParisCOMITE SOCIAL ET ECONOMIQUE SAFRAN6 RUE HENRI DESBRUÈRES91004EVRY CEDEX169228520carine.persyn@ce-safran-corbeil.com20-49Carine PERSYNcarine.persyn@ce-safran-corbeil.com25/09/2019PERSYNCarine677679341COMITE SOCIAL ET ECONOMIQUE SAFRAN<br /><br />Envoi devis 1 jour + 1 semaine et envoyer dimension de la borne<br />Magnet face et dos en option<br />',NULL,NULL,NULL,NULL,NULL,NULL,NULL,'2019-09-30 18:24:01','2020-07-02 08:21:26');
insert  into `opportunites`(`id`,`id_in_sellsy`,`numero`,`nom`,`opportunite_statut_id`,`montant_potentiel`,`date_echeance`,`pipeline_id`,`pipeline_etape_id`,`probabilite`,`brief`,`type_client_id`,`source_lead_id`,`contact_raison_id`,`type_evenement_id`,`type_demande`,`antenne_retrait`,`antenne_retrait_secondaire`,`created`,`modified`) values (224,2493243,'OPP-18504','salon Paris',4,'560.00',NULL,36489,352494,'0.00','SalonsCE ParisCSE CIC IDF6 AVENUE DE PROVENCE75009PARIS153487504jeanclaude.gatineau@cmcic.fr1000+Isabelle GOUYONisabelle.gouyon@cic.fr26/09/2019GOUYONIsabelle153487520CSE CIC IDF<br /><br />Arbre de Noël 3500 sur 3h sur 2020<br /><br />Font aussi des tournois avec moins de personnes dans l\'annee<br />',NULL,NULL,NULL,NULL,NULL,NULL,NULL,'2019-10-01 17:05:16','2020-07-02 08:21:26');
insert  into `opportunites`(`id`,`id_in_sellsy`,`numero`,`nom`,`opportunite_statut_id`,`montant_potentiel`,`date_echeance`,`pipeline_id`,`pipeline_etape_id`,`probabilite`,`brief`,`type_client_id`,`source_lead_id`,`contact_raison_id`,`type_evenement_id`,`type_demande`,`antenne_retrait`,`antenne_retrait_secondaire`,`created`,`modified`) values (225,2493260,'OPP-18505','salon PAris',4,'829.76',NULL,36489,352494,'0.00','SalonsCE ParisCSE SEINE VALENTONVAL POMPADOUR94460VALENTON670640147100-199Francine LACOUCHEfrancine.lacouche@semopsival.fr26/09/2019LACOUCHEFrancine670640147CSE SEINE VALENTON<br /><br />14 déc au parc floral de Vincennes de 20h à minuit<br />',NULL,NULL,NULL,NULL,NULL,NULL,NULL,'2019-10-01 17:08:56','2020-07-02 08:21:27');
insert  into `opportunites`(`id`,`id_in_sellsy`,`numero`,`nom`,`opportunite_statut_id`,`montant_potentiel`,`date_echeance`,`pipeline_id`,`pipeline_etape_id`,`probabilite`,`brief`,`type_client_id`,`source_lead_id`,`contact_raison_id`,`type_evenement_id`,`type_demande`,`antenne_retrait`,`antenne_retrait_secondaire`,`created`,`modified`) values (226,2493287,'OPP-18507','salon Paris',4,'800.00',NULL,36489,255251,'70.00','SalonsCE ParisAQUITEL4 BD NICEPHORE NIEPCE86360CHASSENEUIL DU POITOU549490741300-499Aurélie ROULONce.aquitel@neuf.fr26/09/2019ROULONAurélie0AQUITEL<br /><br />Jeu 5 déc le bistrot chic en face de l\'aéroport de Poitiers <br />400 pax <br />',NULL,NULL,NULL,NULL,NULL,NULL,NULL,'2019-10-01 17:17:01','2020-07-02 08:21:27');
insert  into `opportunites`(`id`,`id_in_sellsy`,`numero`,`nom`,`opportunite_statut_id`,`montant_potentiel`,`date_echeance`,`pipeline_id`,`pipeline_etape_id`,`probabilite`,`brief`,`type_client_id`,`source_lead_id`,`contact_raison_id`,`type_evenement_id`,`type_demande`,`antenne_retrait`,`antenne_retrait_secondaire`,`created`,`modified`) values (227,2493308,'OPP-18508','salon PAris',4,'560.00',NULL,36489,352494,'0.00','SalonsCE ParisPEUGEOT CITROEN POISSY45 R JEAN PIERRE TIMBAUD78300POISSY130194700marc.boillaud@mpsa.com1000Celine BONATOceline.bonato@mpsa.com26/09/2019BONATOCeline130193331PEUGEOT CITROEN POISSY<br /><br />Spectacle en 6 séances <br />',NULL,NULL,NULL,NULL,NULL,NULL,NULL,'2019-10-01 17:22:24','2020-07-02 08:21:27');
insert  into `opportunites`(`id`,`id_in_sellsy`,`numero`,`nom`,`opportunite_statut_id`,`montant_potentiel`,`date_echeance`,`pipeline_id`,`pipeline_etape_id`,`probabilite`,`brief`,`type_client_id`,`source_lead_id`,`contact_raison_id`,`type_evenement_id`,`type_demande`,`antenne_retrait`,`antenne_retrait_secondaire`,`created`,`modified`) values (228,2493314,'OPP-18509','salon paris',4,'560.00',NULL,36489,352494,'0.00','SalonsCE ParisJENNYFER7 RUE PIERRE DREYFUS92587CLICHY LA GARENNE141275024c.entreprise@jennyfer.com1000+Isabelle COURAMc.entreprise@jennyfer.com25/09/2019COURAMIsabelle0JENNYFER<br />',NULL,NULL,NULL,NULL,NULL,NULL,NULL,'2019-10-01 17:24:10','2020-07-02 08:21:27');
insert  into `opportunites`(`id`,`id_in_sellsy`,`numero`,`nom`,`opportunite_statut_id`,`montant_potentiel`,`date_echeance`,`pipeline_id`,`pipeline_etape_id`,`probabilite`,`brief`,`type_client_id`,`source_lead_id`,`contact_raison_id`,`type_evenement_id`,`type_demande`,`antenne_retrait`,`antenne_retrait_secondaire`,`created`,`modified`) values (229,2493653,'OPP-18510','salon PAris',4,'560.00',NULL,36489,352494,'0.00','SalonsCE ParisEL AL LIGNES AERIENNES D ISRAEL167 RUE DE COURCELLES75017PARIS144550005talk@elal.co.il50-99Tal KARNYtalk@elal.co.il26/09/2019KARNYTal0EL AL LIGNES AERIENNES D ISRAEL<br />',NULL,NULL,NULL,NULL,NULL,NULL,NULL,'2019-10-01 17:25:43','2020-07-02 08:21:27');
insert  into `opportunites`(`id`,`id_in_sellsy`,`numero`,`nom`,`opportunite_statut_id`,`montant_potentiel`,`date_echeance`,`pipeline_id`,`pipeline_etape_id`,`probabilite`,`brief`,`type_client_id`,`source_lead_id`,`contact_raison_id`,`type_evenement_id`,`type_demande`,`antenne_retrait`,`antenne_retrait_secondaire`,`created`,`modified`) values (230,2493667,'OPP-18511','Salon Paris',4,'560.00',NULL,36489,352494,'0.00','SalonsCE ParisCSE105 ROUTE DE MONTEREAU77820LE CHATELET EN BRIE637337035patouyaya@yahoo.fr200-299Cathy VADALApatouyaya@yahoo.fr26/09/2019VADALACathy637337035CSE<br />',NULL,NULL,NULL,NULL,NULL,NULL,NULL,'2019-10-01 17:28:55','2020-07-02 08:21:27');

/*Table structure for table `pipeline_etapes` */

CREATE TABLE `pipeline_etapes` (
  `id` int(11) NOT NULL AUTO_INCREMENT,
  `id_in_sellsy` int(11) DEFAULT NULL,
  `nom` varchar(500) NOT NULL,
  `pipeline_id` int(11) NOT NULL,
  `created` datetime DEFAULT NULL,
  `modified` datetime DEFAULT NULL,
  `rank` int(11) DEFAULT NULL,
  PRIMARY KEY (`id`)
) ENGINE=InnoDB AUTO_INCREMENT=425895 DEFAULT CHARSET=utf8;

/*Data for the table `pipeline_etapes` */

insert  into `pipeline_etapes`(`id`,`id_in_sellsy`,`nom`,`pipeline_id`,`created`,`modified`,`rank`) values (255246,255246,'Piste',36489,'2020-07-01 17:34:14','2020-07-01 17:48:11',1);
insert  into `pipeline_etapes`(`id`,`id_in_sellsy`,`nom`,`pipeline_id`,`created`,`modified`,`rank`) values (255249,255249,'Devis salon CE',36489,'2020-07-01 17:34:15','2020-07-01 17:48:11',2);
insert  into `pipeline_etapes`(`id`,`id_in_sellsy`,`nom`,`pipeline_id`,`created`,`modified`,`rank`) values (255250,255250,'Négociation',36489,'2020-07-01 17:34:15','2020-07-01 17:48:11',5);
insert  into `pipeline_etapes`(`id`,`id_in_sellsy`,`nom`,`pipeline_id`,`created`,`modified`,`rank`) values (255251,255251,'Devis signé',36489,'2020-07-01 17:34:15','2020-07-01 17:48:11',7);
insert  into `pipeline_etapes`(`id`,`id_in_sellsy`,`nom`,`pipeline_id`,`created`,`modified`,`rank`) values (259097,259097,'Devis refusé',36489,'2020-07-01 17:34:15','2020-07-01 17:48:11',8);
insert  into `pipeline_etapes`(`id`,`id_in_sellsy`,`nom`,`pipeline_id`,`created`,`modified`,`rank`) values (259106,259106,'Demande de devis / contact',37021,'2020-07-01 17:34:16','2020-07-01 17:48:11',1);
insert  into `pipeline_etapes`(`id`,`id_in_sellsy`,`nom`,`pipeline_id`,`created`,`modified`,`rank`) values (259107,259107,'NRP',37021,'2020-07-01 17:34:17','2020-07-01 17:48:11',15);
insert  into `pipeline_etapes`(`id`,`id_in_sellsy`,`nom`,`pipeline_id`,`created`,`modified`,`rank`) values (259110,259110,'Signé',37021,'2020-07-01 17:34:17','2020-07-01 17:48:11',12);
insert  into `pipeline_etapes`(`id`,`id_in_sellsy`,`nom`,`pipeline_id`,`created`,`modified`,`rank`) values (259111,259111,'Pas de dispo',37021,'2020-07-01 17:34:17','2020-07-01 17:48:11',13);
insert  into `pipeline_etapes`(`id`,`id_in_sellsy`,`nom`,`pipeline_id`,`created`,`modified`,`rank`) values (259112,259112,'Demande de devis / contact',37022,'2020-07-01 17:34:18','2020-07-01 17:48:11',1);
insert  into `pipeline_etapes`(`id`,`id_in_sellsy`,`nom`,`pipeline_id`,`created`,`modified`,`rank`) values (259113,259113,'1er Mail de contact envoyé',37022,'2020-07-01 17:34:18','2020-07-01 17:48:11',3);
insert  into `pipeline_etapes`(`id`,`id_in_sellsy`,`nom`,`pipeline_id`,`created`,`modified`,`rank`) values (259114,259114,'Lien de paiement envoyé',37022,'2020-07-01 17:34:19','2020-07-01 17:34:19',10);
insert  into `pipeline_etapes`(`id`,`id_in_sellsy`,`nom`,`pipeline_id`,`created`,`modified`,`rank`) values (259116,259116,'Paiement acompte ok',37022,'2020-07-01 17:34:19','2020-07-01 17:34:19',12);
insert  into `pipeline_etapes`(`id`,`id_in_sellsy`,`nom`,`pipeline_id`,`created`,`modified`,`rank`) values (259117,259117,'Trop cher',37022,'2020-07-01 17:34:19','2020-07-01 17:34:19',15);
insert  into `pipeline_etapes`(`id`,`id_in_sellsy`,`nom`,`pipeline_id`,`created`,`modified`,`rank`) values (259118,259118,'Demande de devis / contact',37023,'2020-07-01 17:34:20','2020-07-01 17:34:20',1);
insert  into `pipeline_etapes`(`id`,`id_in_sellsy`,`nom`,`pipeline_id`,`created`,`modified`,`rank`) values (259119,259119,'Réponse mail / appel',37023,'2020-07-01 17:34:20','2020-07-01 17:34:20',2);
insert  into `pipeline_etapes`(`id`,`id_in_sellsy`,`nom`,`pipeline_id`,`created`,`modified`,`rank`) values (259120,259120,'Devis envoyé - Prospect chaud',37023,'2020-07-01 17:34:20','2020-07-01 17:34:20',3);
insert  into `pipeline_etapes`(`id`,`id_in_sellsy`,`nom`,`pipeline_id`,`created`,`modified`,`rank`) values (259123,259123,'Perdu - Trop cher',37023,'2020-07-01 17:34:20','2020-07-01 17:34:20',7);
insert  into `pipeline_etapes`(`id`,`id_in_sellsy`,`nom`,`pipeline_id`,`created`,`modified`,`rank`) values (259696,259696,'Pas de dispo',37022,'2020-07-01 17:34:19','2020-07-01 17:34:19',14);
insert  into `pipeline_etapes`(`id`,`id_in_sellsy`,`nom`,`pipeline_id`,`created`,`modified`,`rank`) values (260129,260129,'Paiement solde ok',37022,'2020-07-01 17:34:19','2020-07-01 17:34:19',13);
insert  into `pipeline_etapes`(`id`,`id_in_sellsy`,`nom`,`pipeline_id`,`created`,`modified`,`rank`) values (261981,261981,'À été relancé par tél',37022,'2020-07-01 17:34:18','2020-07-01 17:48:11',6);
insert  into `pipeline_etapes`(`id`,`id_in_sellsy`,`nom`,`pipeline_id`,`created`,`modified`,`rank`) values (314659,314659,'Prospect chaud',37022,'2020-07-01 17:34:19','2020-07-01 17:34:19',11);
insert  into `pipeline_etapes`(`id`,`id_in_sellsy`,`nom`,`pipeline_id`,`created`,`modified`,`rank`) values (314746,314746,'Trop cher rapport concurrence',37022,'2020-07-01 17:34:19','2020-07-01 17:34:19',16);
insert  into `pipeline_etapes`(`id`,`id_in_sellsy`,`nom`,`pipeline_id`,`created`,`modified`,`rank`) values (314748,314748,'Refus autre',37022,'2020-07-01 17:34:18','2020-07-01 17:48:11',5);
insert  into `pipeline_etapes`(`id`,`id_in_sellsy`,`nom`,`pipeline_id`,`created`,`modified`,`rank`) values (314752,314752,'Refus',37021,'2020-07-01 17:34:17','2020-07-01 17:48:12',14);
insert  into `pipeline_etapes`(`id`,`id_in_sellsy`,`nom`,`pipeline_id`,`created`,`modified`,`rank`) values (314754,314754,'Perdu - Concurrence meilleure offre',37023,'2020-07-01 17:34:20','2020-07-01 17:34:20',8);
insert  into `pipeline_etapes`(`id`,`id_in_sellsy`,`nom`,`pipeline_id`,`created`,`modified`,`rank`) values (314755,314755,'Refus autre',37023,'2020-07-01 17:34:20','2020-07-01 17:34:20',9);
insert  into `pipeline_etapes`(`id`,`id_in_sellsy`,`nom`,`pipeline_id`,`created`,`modified`,`rank`) values (314814,314814,'Relancé',37021,'2020-07-01 17:34:17','2020-07-01 17:34:17',11);
insert  into `pipeline_etapes`(`id`,`id_in_sellsy`,`nom`,`pipeline_id`,`created`,`modified`,`rank`) values (315332,315332,'Tél + Mail de relance',37022,'2020-07-01 17:34:19','2020-07-01 17:48:12',9);
insert  into `pipeline_etapes`(`id`,`id_in_sellsy`,`nom`,`pipeline_id`,`created`,`modified`,`rank`) values (320591,320591,'A contacter',45251,'2020-07-01 17:34:22','2020-07-01 17:34:22',1);
insert  into `pipeline_etapes`(`id`,`id_in_sellsy`,`nom`,`pipeline_id`,`created`,`modified`,`rank`) values (320592,320592,'1er contact',45251,'2020-07-01 17:34:22','2020-07-01 17:34:22',2);
insert  into `pipeline_etapes`(`id`,`id_in_sellsy`,`nom`,`pipeline_id`,`created`,`modified`,`rank`) values (320593,320593,'Devis envoyé',45251,'2020-07-01 17:34:22','2020-07-01 17:34:22',3);
insert  into `pipeline_etapes`(`id`,`id_in_sellsy`,`nom`,`pipeline_id`,`created`,`modified`,`rank`) values (320594,320594,'Affaire Signée',45251,'2020-07-01 17:34:22','2020-07-01 17:34:22',4);
insert  into `pipeline_etapes`(`id`,`id_in_sellsy`,`nom`,`pipeline_id`,`created`,`modified`,`rank`) values (321094,321094,'Hot',37021,'2020-07-01 17:34:16','2020-07-01 17:48:12',2);
insert  into `pipeline_etapes`(`id`,`id_in_sellsy`,`nom`,`pipeline_id`,`created`,`modified`,`rank`) values (321895,321895,'Borne ring RAPPEL',37022,'2020-07-01 17:34:19','2020-07-01 17:34:19',17);
insert  into `pipeline_etapes`(`id`,`id_in_sellsy`,`nom`,`pipeline_id`,`created`,`modified`,`rank`) values (323556,323556,'Devis envoyé',37022,'2020-07-01 17:34:18','2020-07-01 17:48:12',4);
insert  into `pipeline_etapes`(`id`,`id_in_sellsy`,`nom`,`pipeline_id`,`created`,`modified`,`rank`) values (323558,323558,'Demandes en attente de traitement automatique',37022,'2020-07-01 17:34:18','2020-07-01 17:48:12',2);
insert  into `pipeline_etapes`(`id`,`id_in_sellsy`,`nom`,`pipeline_id`,`created`,`modified`,`rank`) values (329324,329324,'Envoi mail automatique J+1',37022,'2020-07-01 17:34:18','2020-07-01 17:48:10',7);
insert  into `pipeline_etapes`(`id`,`id_in_sellsy`,`nom`,`pipeline_id`,`created`,`modified`,`rank`) values (336154,336154,'Fin opé',36489,'2020-07-01 17:34:15','2020-07-01 17:48:12',9);
insert  into `pipeline_etapes`(`id`,`id_in_sellsy`,`nom`,`pipeline_id`,`created`,`modified`,`rank`) values (345757,345757,'Devis envoyé - Prospect \"tiède\"',37023,'2020-07-01 17:34:20','2020-07-01 17:34:20',4);
insert  into `pipeline_etapes`(`id`,`id_in_sellsy`,`nom`,`pipeline_id`,`created`,`modified`,`rank`) values (345758,345758,'Devis envoyé - Prospect \"froid\"',37023,'2020-07-01 17:34:20','2020-07-01 17:34:20',5);
insert  into `pipeline_etapes`(`id`,`id_in_sellsy`,`nom`,`pipeline_id`,`created`,`modified`,`rank`) values (345759,345759,'Devis signé',37023,'2020-07-01 17:34:20','2020-07-01 17:34:20',6);
insert  into `pipeline_etapes`(`id`,`id_in_sellsy`,`nom`,`pipeline_id`,`created`,`modified`,`rank`) values (345760,345760,'Demande de devis / contact',48658,'2020-07-01 17:34:23','2020-07-01 17:34:23',1);
insert  into `pipeline_etapes`(`id`,`id_in_sellsy`,`nom`,`pipeline_id`,`created`,`modified`,`rank`) values (345761,345761,'Réponse mail / appel',48658,'2020-07-01 17:34:23','2020-07-01 17:34:23',2);
insert  into `pipeline_etapes`(`id`,`id_in_sellsy`,`nom`,`pipeline_id`,`created`,`modified`,`rank`) values (345762,345762,'Devis envoyé - Prospect \"chaud\"',48658,'2020-07-01 17:34:23','2020-07-01 17:34:23',3);
insert  into `pipeline_etapes`(`id`,`id_in_sellsy`,`nom`,`pipeline_id`,`created`,`modified`,`rank`) values (345763,345763,'Devis envoyé - Prospect \"tiède\"',48658,'2020-07-01 17:34:23','2020-07-01 17:34:23',4);
insert  into `pipeline_etapes`(`id`,`id_in_sellsy`,`nom`,`pipeline_id`,`created`,`modified`,`rank`) values (345764,345764,'Devis envoyé - Prospect \"froid\"',48658,'2020-07-01 17:34:23','2020-07-01 17:34:23',5);
insert  into `pipeline_etapes`(`id`,`id_in_sellsy`,`nom`,`pipeline_id`,`created`,`modified`,`rank`) values (345765,345765,'Devis signé',48658,'2020-07-01 17:34:23','2020-07-01 17:34:23',6);
insert  into `pipeline_etapes`(`id`,`id_in_sellsy`,`nom`,`pipeline_id`,`created`,`modified`,`rank`) values (345766,345766,'Perdu - Trop cher',48658,'2020-07-01 17:34:23','2020-07-01 17:34:23',9);
insert  into `pipeline_etapes`(`id`,`id_in_sellsy`,`nom`,`pipeline_id`,`created`,`modified`,`rank`) values (345767,345767,'Perdu - Concurrence meilleure offre',48658,'2020-07-01 17:34:23','2020-07-01 17:34:23',10);
insert  into `pipeline_etapes`(`id`,`id_in_sellsy`,`nom`,`pipeline_id`,`created`,`modified`,`rank`) values (345768,345768,'Refus autre',48658,'2020-07-01 17:34:23','2020-07-01 17:34:23',11);
insert  into `pipeline_etapes`(`id`,`id_in_sellsy`,`nom`,`pipeline_id`,`created`,`modified`,`rank`) values (348113,348113,'Mise en relation',48992,'2020-07-01 17:34:24','2020-07-01 17:34:24',1);
insert  into `pipeline_etapes`(`id`,`id_in_sellsy`,`nom`,`pipeline_id`,`created`,`modified`,`rank`) values (348114,348114,'1er contact',48992,'2020-07-01 17:34:25','2020-07-01 17:34:25',2);
insert  into `pipeline_etapes`(`id`,`id_in_sellsy`,`nom`,`pipeline_id`,`created`,`modified`,`rank`) values (348115,348115,'Devis envoyé',48992,'2020-07-01 17:34:25','2020-07-01 17:34:25',3);
insert  into `pipeline_etapes`(`id`,`id_in_sellsy`,`nom`,`pipeline_id`,`created`,`modified`,`rank`) values (348116,348116,'Relance',48992,'2020-07-01 17:34:25','2020-07-01 17:34:25',4);
insert  into `pipeline_etapes`(`id`,`id_in_sellsy`,`nom`,`pipeline_id`,`created`,`modified`,`rank`) values (348117,348117,'Devis signé',48992,'2020-07-01 17:34:25','2020-07-01 17:34:25',5);
insert  into `pipeline_etapes`(`id`,`id_in_sellsy`,`nom`,`pipeline_id`,`created`,`modified`,`rank`) values (348118,348118,'Refus',48992,'2020-07-01 17:34:25','2020-07-01 17:34:25',6);
insert  into `pipeline_etapes`(`id`,`id_in_sellsy`,`nom`,`pipeline_id`,`created`,`modified`,`rank`) values (348287,348287,'À été relancé par mail',37022,'2020-07-01 17:34:18','2020-07-01 17:34:18',8);
insert  into `pipeline_etapes`(`id`,`id_in_sellsy`,`nom`,`pipeline_id`,`created`,`modified`,`rank`) values (348345,348345,'Pas de projet réel',48658,'2020-07-01 17:34:23','2020-07-01 17:34:23',7);
insert  into `pipeline_etapes`(`id`,`id_in_sellsy`,`nom`,`pipeline_id`,`created`,`modified`,`rank`) values (348346,348346,'Pas de budget',48658,'2020-07-01 17:34:23','2020-07-01 17:34:23',8);
insert  into `pipeline_etapes`(`id`,`id_in_sellsy`,`nom`,`pipeline_id`,`created`,`modified`,`rank`) values (348468,348468,'Demande de devis / contact',49042,'2020-07-01 17:34:26','2020-07-01 17:34:26',1);
insert  into `pipeline_etapes`(`id`,`id_in_sellsy`,`nom`,`pipeline_id`,`created`,`modified`,`rank`) values (348469,348469,'Réponse mail / appel',49042,'2020-07-01 17:34:26','2020-07-01 17:34:26',2);
insert  into `pipeline_etapes`(`id`,`id_in_sellsy`,`nom`,`pipeline_id`,`created`,`modified`,`rank`) values (348470,348470,'Devis envoyé - Prospect \"chaud\"',49042,'2020-07-01 17:34:26','2020-07-01 17:34:26',3);
insert  into `pipeline_etapes`(`id`,`id_in_sellsy`,`nom`,`pipeline_id`,`created`,`modified`,`rank`) values (348471,348471,'Devis envoyé - Prospect \"tiède\"',49042,'2020-07-01 17:34:26','2020-07-01 17:34:26',4);
insert  into `pipeline_etapes`(`id`,`id_in_sellsy`,`nom`,`pipeline_id`,`created`,`modified`,`rank`) values (348472,348472,'Devis envoyé - Prospect \"froid\"',49042,'2020-07-01 17:34:26','2020-07-01 17:34:26',5);
insert  into `pipeline_etapes`(`id`,`id_in_sellsy`,`nom`,`pipeline_id`,`created`,`modified`,`rank`) values (348473,348473,'Devis signé',49042,'2020-07-01 17:34:26','2020-07-01 17:34:26',6);
insert  into `pipeline_etapes`(`id`,`id_in_sellsy`,`nom`,`pipeline_id`,`created`,`modified`,`rank`) values (348474,348474,'Pas de projet réel',49042,'2020-07-01 17:34:26','2020-07-01 17:34:26',7);
insert  into `pipeline_etapes`(`id`,`id_in_sellsy`,`nom`,`pipeline_id`,`created`,`modified`,`rank`) values (348475,348475,'Pas de budget',49042,'2020-07-01 17:34:26','2020-07-01 17:34:26',8);
insert  into `pipeline_etapes`(`id`,`id_in_sellsy`,`nom`,`pipeline_id`,`created`,`modified`,`rank`) values (348476,348476,'Perdu - Trop cher',49042,'2020-07-01 17:34:26','2020-07-01 17:34:26',9);
insert  into `pipeline_etapes`(`id`,`id_in_sellsy`,`nom`,`pipeline_id`,`created`,`modified`,`rank`) values (348477,348477,'Perdu - Concurrence meilleure offre',49042,'2020-07-01 17:34:26','2020-07-01 17:34:26',10);
insert  into `pipeline_etapes`(`id`,`id_in_sellsy`,`nom`,`pipeline_id`,`created`,`modified`,`rank`) values (348478,348478,'Refus autre',49042,'2020-07-01 17:34:26','2020-07-01 17:34:26',11);
insert  into `pipeline_etapes`(`id`,`id_in_sellsy`,`nom`,`pipeline_id`,`created`,`modified`,`rank`) values (352494,352494,'Relancé',36489,'2020-07-01 17:34:15','2020-07-01 17:48:12',6);
insert  into `pipeline_etapes`(`id`,`id_in_sellsy`,`nom`,`pipeline_id`,`created`,`modified`,`rank`) values (352636,352636,'2020',37021,'2020-07-01 17:34:17','2020-07-01 17:48:12',9);
insert  into `pipeline_etapes`(`id`,`id_in_sellsy`,`nom`,`pipeline_id`,`created`,`modified`,`rank`) values (357871,357871,'Affaire refusée',45251,'2020-07-01 17:34:22','2020-07-01 17:34:22',5);
insert  into `pipeline_etapes`(`id`,`id_in_sellsy`,`nom`,`pipeline_id`,`created`,`modified`,`rank`) values (357872,357872,'Pas de dispo',45251,'2020-07-01 17:34:22','2020-07-01 17:34:22',6);
insert  into `pipeline_etapes`(`id`,`id_in_sellsy`,`nom`,`pipeline_id`,`created`,`modified`,`rank`) values (370044,370044,'Demande',51974,'2020-07-01 17:34:28','2020-07-01 17:34:28',1);
insert  into `pipeline_etapes`(`id`,`id_in_sellsy`,`nom`,`pipeline_id`,`created`,`modified`,`rank`) values (370045,370045,'1er contact',51974,'2020-07-01 17:34:28','2020-07-01 17:34:28',2);
insert  into `pipeline_etapes`(`id`,`id_in_sellsy`,`nom`,`pipeline_id`,`created`,`modified`,`rank`) values (370046,370046,'Froid',51974,'2020-07-01 17:34:28','2020-07-01 17:34:28',3);
insert  into `pipeline_etapes`(`id`,`id_in_sellsy`,`nom`,`pipeline_id`,`created`,`modified`,`rank`) values (370047,370047,'Tiède',51974,'2020-07-01 17:34:28','2020-07-01 17:34:28',4);
insert  into `pipeline_etapes`(`id`,`id_in_sellsy`,`nom`,`pipeline_id`,`created`,`modified`,`rank`) values (370048,370048,'Chaud',51974,'2020-07-01 17:34:28','2020-07-01 17:34:28',5);
insert  into `pipeline_etapes`(`id`,`id_in_sellsy`,`nom`,`pipeline_id`,`created`,`modified`,`rank`) values (370049,370049,'Signé',51974,'2020-07-01 17:34:28','2020-07-01 17:34:28',6);
insert  into `pipeline_etapes`(`id`,`id_in_sellsy`,`nom`,`pipeline_id`,`created`,`modified`,`rank`) values (370050,370050,'Refus',51974,'2020-07-01 17:34:28','2020-07-01 17:34:28',7);
insert  into `pipeline_etapes`(`id`,`id_in_sellsy`,`nom`,`pipeline_id`,`created`,`modified`,`rank`) values (374793,374793,'Demande',52626,'2020-07-01 17:34:29','2020-07-01 17:34:29',1);
insert  into `pipeline_etapes`(`id`,`id_in_sellsy`,`nom`,`pipeline_id`,`created`,`modified`,`rank`) values (374794,374794,'Nrp',52626,'2020-07-01 17:34:30','2020-07-01 17:34:30',10);
insert  into `pipeline_etapes`(`id`,`id_in_sellsy`,`nom`,`pipeline_id`,`created`,`modified`,`rank`) values (374796,374796,'2020',52626,'2020-07-01 17:34:29','2020-07-01 17:34:29',4);
insert  into `pipeline_etapes`(`id`,`id_in_sellsy`,`nom`,`pipeline_id`,`created`,`modified`,`rank`) values (374797,374797,'Hot',52626,'2020-07-01 17:34:29','2020-07-01 17:34:29',2);
insert  into `pipeline_etapes`(`id`,`id_in_sellsy`,`nom`,`pipeline_id`,`created`,`modified`,`rank`) values (374798,374798,'Refus',52626,'2020-07-01 17:34:29','2020-07-01 17:34:29',7);
insert  into `pipeline_etapes`(`id`,`id_in_sellsy`,`nom`,`pipeline_id`,`created`,`modified`,`rank`) values (374799,374799,'Pas de dispo',52626,'2020-07-01 17:34:30','2020-07-01 17:34:30',8);
insert  into `pipeline_etapes`(`id`,`id_in_sellsy`,`nom`,`pipeline_id`,`created`,`modified`,`rank`) values (374800,374800,'Signé',52626,'2020-07-01 17:34:30','2020-07-01 17:34:30',9);
insert  into `pipeline_etapes`(`id`,`id_in_sellsy`,`nom`,`pipeline_id`,`created`,`modified`,`rank`) values (382210,382210,'Relancé',52626,'2020-07-01 17:34:29','2020-07-01 17:34:29',6);
insert  into `pipeline_etapes`(`id`,`id_in_sellsy`,`nom`,`pipeline_id`,`created`,`modified`,`rank`) values (384013,384013,'2021',37021,'2020-07-01 17:34:17','2020-07-01 17:48:10',10);
insert  into `pipeline_etapes`(`id`,`id_in_sellsy`,`nom`,`pipeline_id`,`created`,`modified`,`rank`) values (384014,384014,'2021',52626,'2020-07-01 17:34:29','2020-07-01 17:34:29',5);
insert  into `pipeline_etapes`(`id`,`id_in_sellsy`,`nom`,`pipeline_id`,`created`,`modified`,`rank`) values (385373,385373,'Devis salon photo',36489,'2020-07-01 17:34:15','2020-07-01 17:48:12',3);
insert  into `pipeline_etapes`(`id`,`id_in_sellsy`,`nom`,`pipeline_id`,`created`,`modified`,`rank`) values (385374,385374,'Devis achat/loc fi',36489,'2020-07-01 17:34:15','2020-07-01 17:48:12',4);
insert  into `pipeline_etapes`(`id`,`id_in_sellsy`,`nom`,`pipeline_id`,`created`,`modified`,`rank`) values (406115,406115,'juillet',52626,'2020-07-01 17:34:29','2020-07-01 17:34:29',3);
insert  into `pipeline_etapes`(`id`,`id_in_sellsy`,`nom`,`pipeline_id`,`created`,`modified`,`rank`) values (425889,425889,'Juill',37021,'2020-07-01 17:34:16','2020-07-01 17:48:12',3);
insert  into `pipeline_etapes`(`id`,`id_in_sellsy`,`nom`,`pipeline_id`,`created`,`modified`,`rank`) values (425890,425890,'Août',37021,'2020-07-01 17:34:16','2020-07-01 17:48:12',4);
insert  into `pipeline_etapes`(`id`,`id_in_sellsy`,`nom`,`pipeline_id`,`created`,`modified`,`rank`) values (425891,425891,'Sept',37021,'2020-07-01 17:34:16','2020-07-01 17:48:12',5);
insert  into `pipeline_etapes`(`id`,`id_in_sellsy`,`nom`,`pipeline_id`,`created`,`modified`,`rank`) values (425892,425892,'Oct',37021,'2020-07-01 17:34:16','2020-07-01 17:48:12',6);
insert  into `pipeline_etapes`(`id`,`id_in_sellsy`,`nom`,`pipeline_id`,`created`,`modified`,`rank`) values (425893,425893,'Nov',37021,'2020-07-01 17:34:17','2020-07-01 17:48:12',7);
insert  into `pipeline_etapes`(`id`,`id_in_sellsy`,`nom`,`pipeline_id`,`created`,`modified`,`rank`) values (425894,425894,'Dec',37021,'2020-07-01 17:34:17','2020-07-01 17:48:12',8);

/*Table structure for table `pipelines` */

CREATE TABLE `pipelines` (
  `id` int(11) NOT NULL AUTO_INCREMENT,
  `id_in_sellsy` int(11) DEFAULT NULL,
  `nom` varchar(250) NOT NULL,
  `created` datetime DEFAULT NULL,
  `modified` datetime DEFAULT NULL,
  `description` text,
  PRIMARY KEY (`id`)
) ENGINE=InnoDB AUTO_INCREMENT=52627 DEFAULT CHARSET=utf8;

/*Data for the table `pipelines` */

insert  into `pipelines`(`id`,`id_in_sellsy`,`nom`,`created`,`modified`,`description`) values (36489,36489,'Prospection Lucie','2020-07-01 17:17:45','2020-07-01 17:17:45','');
insert  into `pipelines`(`id`,`id_in_sellsy`,`nom`,`created`,`modified`,`description`) values (37021,37021,'Pros','2020-07-01 17:17:45','2020-07-01 17:17:45','');
insert  into `pipelines`(`id`,`id_in_sellsy`,`nom`,`created`,`modified`,`description`) values (37022,37022,'Particuliers','2020-07-01 17:17:45','2020-07-01 17:17:45','');
insert  into `pipelines`(`id`,`id_in_sellsy`,`nom`,`created`,`modified`,`description`) values (37023,37023,'Achats - \"tout-venant\"','2020-07-01 17:17:45','2020-07-01 17:17:45','');
insert  into `pipelines`(`id`,`id_in_sellsy`,`nom`,`created`,`modified`,`description`) values (45251,45251,'Bertrand','2020-07-01 17:17:45','2020-07-01 17:17:45','');
insert  into `pipelines`(`id`,`id_in_sellsy`,`nom`,`created`,`modified`,`description`) values (48658,48658,'Achats Alan','2020-07-01 17:17:45','2020-07-01 17:17:45','');
insert  into `pipelines`(`id`,`id_in_sellsy`,`nom`,`created`,`modified`,`description`) values (48992,48992,'KRO - WAOUP','2020-07-01 17:17:45','2020-07-01 17:17:45','');
insert  into `pipelines`(`id`,`id_in_sellsy`,`nom`,`created`,`modified`,`description`) values (49042,49042,'Achats Greg','2020-07-01 17:17:45','2020-07-01 17:17:45','');
insert  into `pipelines`(`id`,`id_in_sellsy`,`nom`,`created`,`modified`,`description`) values (51974,51974,'Benjamin','2020-07-01 17:17:45','2020-07-01 17:17:45','');
insert  into `pipelines`(`id`,`id_in_sellsy`,`nom`,`created`,`modified`,`description`) values (52626,52626,'Association','2020-07-01 17:17:45','2020-07-01 17:17:45','');

/*Table structure for table `source_leads` */

CREATE TABLE `source_leads` (
  `id` int(11) NOT NULL AUTO_INCREMENT,
  `nom` varchar(250) DEFAULT NULL,
  PRIMARY KEY (`id`)
) ENGINE=InnoDB AUTO_INCREMENT=10 DEFAULT CHARSET=utf8;

/*Data for the table `source_leads` */

insert  into `source_leads`(`id`,`nom`) values (1,'Site internet');
insert  into `source_leads`(`id`,`nom`) values (2,'Recommandation d\'un ami / contact');
insert  into `source_leads`(`id`,`nom`) values (3,'Découvert lors d\'un événement');
insert  into `source_leads`(`id`,`nom`) values (4,'Salon');
insert  into `source_leads`(`id`,`nom`) values (5,'Rencontre avec quelqu\'un de notre équipe');
insert  into `source_leads`(`id`,`nom`) values (6,'Réseaux sociaux');
insert  into `source_leads`(`id`,`nom`) values (7,'Recommendation partenaire professionnel');
insert  into `source_leads`(`id`,`nom`) values (8,'Document pub papier');
insert  into `source_leads`(`id`,`nom`) values (9,'Autre');

/*Table structure for table `type_clients` */

CREATE TABLE `type_clients` (
  `id` int(11) NOT NULL AUTO_INCREMENT,
  `nom` varchar(250) NOT NULL,
  PRIMARY KEY (`id`)
) ENGINE=InnoDB AUTO_INCREMENT=4 DEFAULT CHARSET=utf8;

/*Data for the table `type_clients` */

insert  into `type_clients`(`id`,`nom`) values (1,'Non défini');
insert  into `type_clients`(`id`,`nom`) values (2,'Professionel');
insert  into `type_clients`(`id`,`nom`) values (3,'Particulier');

/*Table structure for table `type_evenements` */

CREATE TABLE `type_evenements` (
  `id` int(11) NOT NULL AUTO_INCREMENT,
  `nom` varchar(255) DEFAULT NULL,
  `description` text,
  PRIMARY KEY (`id`)
) ENGINE=InnoDB AUTO_INCREMENT=16 DEFAULT CHARSET=latin1;

/*Data for the table `type_evenements` */

insert  into `type_evenements`(`id`,`nom`,`description`) values (1,'Mariage','');
insert  into `type_evenements`(`id`,`nom`,`description`) values (2,'Anniversaire','');
insert  into `type_evenements`(`id`,`nom`,`description`) values (3,'Animation commerciale','');
insert  into `type_evenements`(`id`,`nom`,`description`) values (4,'Soirée / événement d\'entreprise',NULL);
insert  into `type_evenements`(`id`,`nom`,`description`) values (5,'Bar Mitzvah',NULL);
insert  into `type_evenements`(`id`,`nom`,`description`) values (6,'Soirée privée',NULL);
insert  into `type_evenements`(`id`,`nom`,`description`) values (7,'Cocktail / réception',NULL);
insert  into `type_evenements`(`id`,`nom`,`description`) values (8,'Inauguration',NULL);
insert  into `type_evenements`(`id`,`nom`,`description`) values (9,'Séminaire / AG',NULL);
insert  into `type_evenements`(`id`,`nom`,`description`) values (10,'Salon/foire',NULL);
insert  into `type_evenements`(`id`,`nom`,`description`) values (11,'Animation commerciale',NULL);
insert  into `type_evenements`(`id`,`nom`,`description`) values (12,'Evénement sportif',NULL);
insert  into `type_evenements`(`id`,`nom`,`description`) values (13,'Evénement privé',NULL);
insert  into `type_evenements`(`id`,`nom`,`description`) values (14,'Autre événement religieux',NULL);
insert  into `type_evenements`(`id`,`nom`,`description`) values (15,'Autre',NULL);

/*!40101 SET SQL_MODE=@OLD_SQL_MODE */;
/*!40014 SET UNIQUE_CHECKS=@OLD_UNIQUE_CHECKS */;
/*!40111 SET SQL_NOTES=@OLD_SQL_NOTES */;
